qid,wikidata_name,display_name,country,club_qid,alias
Q1003315,프란체스코 로디,프란체스코 로디,이탈리아,Q2693,
Q1006755,János Füzér,János Füzér,헝가리,Q2693,
Q102027,파비오 칸나바로,파비오 칸나바로,이탈리아,Q2693,"카나바로, 칸나바로, 파비오 카나바로"
Q1022455,Fernando Orsi,Fernando Orsi,이탈리아,Q2693,
Q1024120,Amedeo Balestrieri,Amedeo Balestrieri,이탈리아,Q2693,
Q1024120,Amedeo Balestrieri,Amedeo Balestrieri,이탈리아 왕국,Q2693,
Q10423037,Alessio Tombesi,Alessio Tombesi,이탈리아,Q2693,
Q1044616,엘비오 반케로,엘비오 반케로,이탈리아,Q2693,"Banchero I, Elvio Bianchero"
Q1044616,엘비오 반케로,엘비오 반케로,이탈리아 왕국,Q2693,"Banchero I, Elvio Bianchero"
Q1044865,Claudio Bandoni,Claudio Bandoni,이탈리아,Q2693,
Q1044956,Mario Baraldi,Mario Baraldi,이탈리아,Q2693,
Q1044956,Mario Baraldi,Mario Baraldi,이탈리아 왕국,Q2693,
Q10500459,Gianluca Zanetti,Gianluca Zanetti,이탈리아,Q2693,
Q10504910,Riccardo Pasi,Riccardo Pasi,이탈리아,Q2693,
Q10546104,Michele Bentoglio,Michele Bentoglio,이탈리아,Q2693,
Q10557299,알베르토 체리,알베르토 체리,이탈리아,Q2693,
Q1060370,Vincenzo Sicignano,Vincenzo Sicignano,이탈리아,Q2693,
Q106095219,만델라 케이타,만델라 케이타,벨기에,Q2693,
Q1072178,Oscar Damiani,Oscar Damiani,이탈리아,Q2693,
Q1074540,Filippo Savi,Filippo Savi,이탈리아,Q2693,
Q1075016,Francesco Ruopolo,Francesco Ruopolo,이탈리아,Q2693,
Q1076352,Manuel Coppola,Manuel Coppola,이탈리아,Q2693,
Q1084442,로베르토 비티엘로,로베르토 비티엘로,이탈리아,Q2693,
Q1086666,Filippo Maniero,Filippo Maniero,이탈리아,Q2693,
Q1093594,잔루카 페골로,잔루카 페골로,이탈리아,Q2693,
Q1097566,스테파노 토리시,스테파노 토리시,이탈리아,Q2693,
Q1098369,Alberto Di Chiara,Alberto Di Chiara,이탈리아,Q2693,
Q1102718,Pierluigi Orlandini,Pierluigi Orlandini,이탈리아,Q2693,
Q1111339,Diego Pellegrini,Diego Pellegrini,이탈리아,Q2693,
Q1113771,Aristide Griffith,Aristide Griffith,이탈리아,Q2693,
Q1113771,Aristide Griffith,Aristide Griffith,이탈리아 왕국,Q2693,
Q1113965,Sergio Zuccheri,Sergio Zuccheri,이탈리아,Q2693,
Q1117426,Francesco Parravicini,Francesco Parravicini,이탈리아,Q2693,
Q1117801,Renzo Sassi,Renzo Sassi,이탈리아,Q2693,
Q1117801,Renzo Sassi,Renzo Sassi,이탈리아 왕국,Q2693,
Q1121887,Luca Rigoni,Luca Rigoni,이탈리아,Q2693,
Q1130817,Andrea Giallombardo,Andrea Giallombardo,이탈리아,Q2693,
Q1131690,살리우 라시시,살리우 라시시,코트디부아르,Q2693,
Q1131690,살리우 라시시,살리우 라시시,프랑스,Q2693,
Q1133653,Guido Macor,Guido Macor,이탈리아,Q2693,
Q1141159,Daniele Vantaggiato,Daniele Vantaggiato,이탈리아,Q2693,
Q114413,알베르토 팔로스키,알베르토 팔로스키,이탈리아,Q2693,
Q1158826,Marco Osio,Marco Osio,이탈리아,Q2693,
Q1163832,Carlo Dell'Omodarme,Carlo Dell'Omodarme,이탈리아,Q2693,
Q12176451,Ignacio Jeraldi,Ignacio Jeraldi,칠레,Q2693,Ignacio Alejandro Jeraldino Jil
Q12269953,Diego Daldosso,Diego Daldosso,이탈리아,Q2693,Diego Dal Dosso
Q126361834,조반니 레오니,조반니 레오니,이탈리아,Q2693,
Q126503,필리포 인차기,필리포 인차기,이탈리아,Q2693,"인자기, 피포 인자기, 피포 인차기, 필리포 인자기"
Q12814419,George Ikenne,George Ikenne,나이지리아,Q2693,George Ikenne-King Patrick
Q1285795,에드몬도 파브리,에드몬도 파브리,이탈리아,Q2693,Fabbri V
Q1285795,에드몬도 파브리,에드몬도 파브리,이탈리아 왕국,Q2693,Fabbri V
Q128725,나카타 히데토시,나카타 히데토시,일본,Q2693,
Q130593,Antonio Bocchetti,Antonio Bocchetti,이탈리아,Q2693,
Q1317044,Edos Barbini,Edos Barbini,이탈리아,Q2693,
Q1317216,Massimo Barbuti,Massimo Barbuti,이탈리아,Q2693,
Q1317967,Giorgio Bartolini,Giorgio Bartolini,이탈리아,Q2693,Bartolini
Q1318005,Renzo Bartolozzi,Renzo Bartolozzi,이탈리아,Q2693,
Q1318383,Davide Bassi,Davide Bassi,이탈리아,Q2693,
Q1318514,Simone Basso,Simone Basso,이탈리아,Q2693,
Q1318757,Franco Battisodo,Franco Battisodo,이탈리아,Q2693,
Q1328917,Elia Legati,Elia Legati,이탈리아,Q2693,
Q133365228,Stefano Palmucci,Stefano Palmucci,이탈리아,Q2693,
Q133366617,Davide Cipolletti,Davide Cipolletti,이탈리아,Q2693,
Q1333978,Marco Pisano,Marco Pisano,이탈리아,Q2693,Marco Giovanni Pisano
Q1333991,Sebastiano Siviglia,Sebastiano Siviglia,이탈리아,Q2693,
Q1334135,Mikael Ishak,Mikael Ishak,스웨덴,Q2693,
Q1334135,Mikael Ishak,Mikael Ishak,시리아,Q2693,
Q1337031,일라리오 카스타녜르,일라리오 카스타녜르,이탈리아,Q2693,
Q1337293,Emiliano Bonazzoli,Emiliano Bonazzoli,이탈리아,Q2693,
Q1341874,Jorge Bolaño,Jorge Bolaño,콜롬비아,Q2693,Jorge Eladio Bolaño Correa
Q1341954,이브라히마 카마라,이브라히마 카마라,프랑스,Q2693,이브라히마 소리 카마라
Q1342612,Alexandre da Silva Mariano,Alexandre da Silva Mariano,브라질,Q2693,Amaral
Q1343384,헤지나우두 페헤이라 다 시우바,헤지나우두 페헤이라 다 시우바,브라질,Q2693,Reginaldo
Q1345194,Marco Rossi,Marco Rossi,이탈리아,Q2693,
Q13527924,Luca Cacioli,Luca Cacioli,이탈리아,Q2693,
Q13527929,Federico Di Francesco,Federico Di Francesco,이탈리아,Q2693,
Q13527945,Giovanni Serrapica,Giovanni Serrapica,이탈리아,Q2693,
Q13527947,Andrea Staffolani,Andrea Staffolani,이탈리아,Q2693,
Q136940,마르코 디 바이오,마르코 디 바이오,이탈리아,Q2693,
Q1376912,Alfonso De Lucia,Alfonso De Lucia,이탈리아,Q2693,
Q1377804,요앙 왈랭,요앙 왈랭,벨기에,Q2693,
Q1378799,Federico Giunti,Federico Giunti,이탈리아,Q2693,
Q138410953,Matteo Lucarelli,Matteo Lucarelli,이탈리아,Q2693,
Q1386721,Radek Petr,Radek Petr,체코,Q2693,
Q13869510,Wylan Cyprien,Wylan Cyprien,프랑스,Q2693,Wylan Jean-Claude Cyprien
Q1403478,Giovanni Bia,Giovanni Bia,이탈리아,Q2693,
Q1403488,미르코 벨로디,미르코 벨로디,이탈리아,Q2693,
Q1403893,Angelo Beltaro,Angelo Beltaro,이탈리아,Q2693,
Q1403893,Angelo Beltaro,Angelo Beltaro,이탈리아 왕국,Q2693,
Q1404366,실바노 베네데티,실바노 베네데티,이탈리아,Q2693,
Q1404410,Michele Benedetto,Michele Benedetto,이탈리아,Q2693,
Q1404565,Mirko Benevelli,Mirko Benevelli,이탈리아,Q2693,
Q1406147,Gianluca Musacci,Gianluca Musacci,이탈리아,Q2693,Gian Luca Musacci
Q1407530,Alessandro Bernardini,Alessandro Bernardini,이탈리아,Q2693,
Q1407638,Paolo Bernasconi,Paolo Bernasconi,이탈리아,Q2693,
Q1407716,Corrado Bernicchi,Corrado Bernicchi,이탈리아,Q2693,
Q1407716,Corrado Bernicchi,Corrado Bernicchi,이탈리아 왕국,Q2693,
Q1407800,Francesco Berruti,Francesco Berruti,이탈리아,Q2693,
Q1408047,Gianluca Berti,Gianluca Berti,이탈리아,Q2693,Gian Luca Berti
Q1408395,Enzo Bertoli,Enzo Bertoli,이탈리아,Q2693,
Q1408515,Francesco Bertolotti,Francesco Bertolotti,이탈리아,Q2693,
Q1408630,Dante Bertoneri,Dante Bertoneri,이탈리아,Q2693,
Q1408754,Ettore Bertoni,Ettore Bertoni,이탈리아,Q2693,
Q1408754,Ettore Bertoni,Ettore Bertoni,이탈리아 왕국,Q2693,
Q1408776,Luciano Bertoni,Luciano Bertoni,이탈리아,Q2693,
Q1408776,Luciano Bertoni,Luciano Bertoni,이탈리아 왕국,Q2693,
Q1408871,Alfonso Bertozzi,Alfonso Bertozzi,이탈리아,Q2693,
Q1409060,Gabriele Pin,Gabriele Pin,이탈리아,Q2693,
Q1409074,Stefano Bettarini,Stefano Bettarini,이탈리아,Q2693,
Q1409240,Pietro Bettoli,Pietro Bettoli,이탈리아,Q2693,
Q1443371,Pietro Biagini,Pietro Biagini,이탈리아,Q2693,
Q1443414,Walter Biagini,Walter Biagini,이탈리아,Q2693,
Q1443499,Osvaldo Biancardi,Osvaldo Biancardi,이탈리아,Q2693,
Q1443499,Osvaldo Biancardi,Osvaldo Biancardi,이탈리아 왕국,Q2693,
Q1444697,Mauro Bicicli,Mauro Bicicli,이탈리아,Q2693,
Q1444697,Mauro Bicicli,Mauro Bicicli,이탈리아 왕국,Q2693,
Q1444719,Roberto Biffi,Roberto Biffi,이탈리아,Q2693,
Q1445324,Vittorio Bissi,Vittorio Bissi,이탈리아,Q2693,
Q1448139,Giovanni Bolzoni,Giovanni Bolzoni,이탈리아,Q2693,
Q1448139,Giovanni Bolzoni,Giovanni Bolzoni,이탈리아 왕국,Q2693,
Q1449145,Fabio Bonci,Fabio Bonci,이탈리아,Q2693,
Q14524641,Floriano Vanzo,Floriano Vanzo,벨기에,Q2693,
Q1459323,Silvio Bonino,Silvio Bonino,아르헨티나,Q2693,
Q1459323,Silvio Bonino,Silvio Bonino,이탈리아,Q2693,
Q1460792,Lamberto Boranga,Lamberto Boranga,이탈리아,Q2693,
Q1460838,Giorgio Bordignon,Giorgio Bordignon,이탈리아,Q2693,
Q1460865,Roberto Bordin,Roberto Bordin,이탈리아,Q2693,
Q1461108,Paolo Borelli,Paolo Borelli,이탈리아,Q2693,
Q1462123,Mario Bortolazzi,Mario Bortolazzi,이탈리아,Q2693,
Q14633679,Carlo Achatzi,Carlo Achatzi,시스라이타니아,Q2693,"Karl Achatzy, Karl Theodor Achatzi"
Q14633679,Carlo Achatzi,Carlo Achatzi,오스트리아,Q2693,"Karl Achatzy, Karl Theodor Achatzi"
Q14633679,Carlo Achatzi,Carlo Achatzi,이탈리아,Q2693,"Karl Achatzy, Karl Theodor Achatzi"
Q14636373,Giuseppe Aimi,Giuseppe Aimi,이탈리아,Q2693,
Q1464729,페비오 보즈리,페비오 보즈리,이탈리아,Q2693,
Q1465824,Fausto Braga,Fausto Braga,이탈리아,Q2693,
Q1466121,Ariedo Braida,Ariedo Braida,이탈리아,Q2693,
Q1466230,Massimo Brambilla,Massimo Brambilla,이탈리아,Q2693,
Q1466614,Roberto Breda,Roberto Breda,이탈리아,Q2693,
Q1466964,Giuseppe Bressani,Giuseppe Bressani,이탈리아,Q2693,
Q1485481,Giorgio Brigo,Giorgio Brigo,이탈리아,Q2693,
Q1485930,William Bronzoni,William Bronzoni,이탈리아,Q2693,
Q1485930,William Bronzoni,William Bronzoni,이탈리아 왕국,Q2693,
Q1486436,Roberto Bruno,Roberto Bruno,이탈리아,Q2693,
Q1487147,Alessandro Budel,Alessandro Budel,이탈리아,Q2693,
Q1489252,Basilio Cabas,Basilio Cabas,이탈리아,Q2693,
Q1490837,Stefano Calcagni,Stefano Calcagni,이탈리아,Q2693,
Q1491174,Gianni Caleffi,Gianni Caleffi,이탈리아,Q2693,
Q1491174,Gianni Caleffi,Gianni Caleffi,이탈리아 왕국,Q2693,
Q15041005,Adriano Rossi,Adriano Rossi,이탈리아,Q2693,
Q1533041,Giuseppe Calzolari,Giuseppe Calzolari,이탈리아,Q2693,
Q1533041,Giuseppe Calzolari,Giuseppe Calzolari,이탈리아 왕국,Q2693,
Q1533299,Fabrizio Cammarata,Fabrizio Cammarata,이탈리아,Q2693,
Q1537443,Bruno Caneo,Bruno Caneo,이탈리아,Q2693,
Q1537465,Gonçalo Brandão,Gonçalo Brandão,포르투갈,Q2693,"Goncalo Brandao, Gonçalo Jardim Brandão"
Q1537635,Enrico Cannata,Enrico Cannata,이탈리아,Q2693,
Q1539342,Adriano Capra,Adriano Capra,이탈리아,Q2693,
Q1540229,Benito Carbone,Benito Carbone,이탈리아,Q2693,
Q1540560,Alfredo Cardinale,Alfredo Cardinale,이탈리아,Q2693,
Q1540727,Alberto Carelli,Alberto Carelli,이탈리아,Q2693,
Q154478,크리스티안 차카르도,크리스티안 차카르도,이탈리아,Q2693,"자카르도, 차카르도, 크리스티안 자카르도"
Q15715173,호세 마우리,호세 마우리,아르헨티나,Q2693,"Jose Agustin Mauri, José Augustín Mauri"
Q15715173,호세 마우리,호세 마우리,이탈리아,Q2693,"Jose Agustin Mauri, José Augustín Mauri"
Q1586422,Gonzalo Mastriani,Gonzalo Mastriani,우루과이,Q2693,
Q160206,에르난 크레스포,에르난 크레스포,아르헨티나,Q2693,"에르난 호르헤 크레스포, 헤르난 크레스포, 헤르난 호르헤 크레스포"
Q160206,에르난 크레스포,에르난 크레스포,이탈리아,Q2693,"에르난 호르헤 크레스포, 헤르난 크레스포, 헤르난 호르헤 크레스포"
Q1606723,Angelo Carrano,Angelo Carrano,이탈리아,Q2693,
Q1607021,Mario Massimo Caruso,Mario Massimo Caruso,이탈리아,Q2693,Mario Caruso
Q1607072,Ottorino Casanova,Ottorino Casanova,이탈리아,Q2693,
Q1607072,Ottorino Casanova,Ottorino Casanova,이탈리아 왕국,Q2693,
Q1607355,Walter Casaroli,Walter Casaroli,이탈리아,Q2693,
Q1607393,엠마누엘 카시오네,엠마누엘 카시오네,이탈리아,Q2693,
Q1608303,Marcello Castellini,Marcello Castellini,이탈리아,Q2693,
Q1608309,파올로 카스텔리니,파올로 카스텔리니,이탈리아,Q2693,
Q1609025,Fabio Catacchini,Fabio Catacchini,이탈리아,Q2693,
Q1609040,Tarcisio Catanese,Tarcisio Catanese,이탈리아,Q2693,
Q1609079,Sauro Catellani,Sauro Catellani,이탈리아,Q2693,
Q1609696,Amedeo Cattani,Amedeo Cattani,이탈리아,Q2693,
Q1609696,Amedeo Cattani,Amedeo Cattani,이탈리아 왕국,Q2693,
Q1610177,Dario Cavallito,Dario Cavallito,이탈리아,Q2693,
Q1610210,Maurizio Cavazzini,Maurizio Cavazzini,이탈리아,Q2693,
Q1612221,Giuseppe Cella,Giuseppe Cella,이탈리아,Q2693,
Q1612221,Giuseppe Cella,Giuseppe Cella,이탈리아 왕국,Q2693,
Q1612735,Fabio Ceravolo,Fabio Ceravolo,이탈리아,Q2693,Fabio Giovanni Ceravolo
Q1612810,Carlo Alberto Cernuschi,Carlo Alberto Cernuschi,이탈리아,Q2693,Carlo Cernuschi
Q1613330,Giovanni Cervone,Giovanni Cervone,이탈리아,Q2693,
Q1613368,Roberto Cesati,Roberto Cesati,이탈리아,Q2693,
Q1614667,Maurizio Ciaramitaro,Maurizio Ciaramitaro,이탈리아,Q2693,
Q16148341,Daniele Abbracciante,Daniele Abbracciante,이탈리아,Q2693,
Q16149755,Francesco Anacoura,Francesco Anacoura,이탈리아,Q2693,Joyce Francesco Anacoura
Q1615656,Gianfranco Circati,Gianfranco Circati,이탈리아,Q2693,
Q1616170,Ivo Cocconi,Ivo Cocconi,이탈리아,Q2693,
Q16212218,Yves Benoit Bationo,Yves Benoit Bationo,정보 없음,Q2693,Yves Bationo
Q1621873,Nicola Mora,Nicola Mora,이탈리아,Q2693,
Q16229862,Simone Bruni,Simone Bruni,콜롬비아,Q2693,
Q16230012,Leandro Campagna,Leandro Campagna,이탈리아,Q2693,
Q16230145,Giovanbattista Catalano,Giovanbattista Catalano,이탈리아,Q2693,
Q16232786,Marco Modolo,Marco Modolo,이탈리아,Q2693,
Q16233096,Abdelaye Diakité,Abdelaye Diakité,말리,Q2693,
Q16233096,Abdelaye Diakité,Abdelaye Diakité,프랑스,Q2693,
Q16233162,Riccardo Gagliolo,Riccardo Gagliolo,이탈리아,Q2693,
Q16233353,루카스 소자,루카스 소자,브라질,Q2693,Lucas Vieira de Souza
Q16234560,Luca Fiordiani,Luca Fiordiani,이탈리아,Q2693,
Q16234735,Manuel La Rosa,Manuel La Rosa,이탈리아,Q2693,
Q16235047,Cristiano Spirito,Cristiano Spirito,이탈리아,Q2693,
Q16235178,Yves Baraye,Yves Baraye,세네갈,Q2693,Bertrand Yves Baraye
Q16235382,Jacopo Galimberti,Jacopo Galimberti,이탈리아,Q2693,
Q16235409,Mirko Gori,Mirko Gori,이탈리아,Q2693,
Q16235411,Alessandro Gozzi,Alessandro Gozzi,이탈리아,Q2693,
Q16235601,Miloš Malivojević,Miloš Malivojević,이탈리아,Q2693,
Q16235723,Cristian Pedrinelli,Cristian Pedrinelli,이탈리아,Q2693,
Q16235807,Mattia Sandrini,Mattia Sandrini,이탈리아,Q2693,
Q16236043,Matteo Cincilla,Matteo Cincilla,이탈리아,Q2693,
Q16236085,Matteo Di Gennaro,Matteo Di Gennaro,이탈리아,Q2693,
Q16236954,Marco Paolini,Marco Paolini,이탈리아,Q2693,
Q16268163,Piero Battioni,Piero Battioni,이탈리아,Q2693,
Q16268200,Elios Bonzagni,Elios Bonzagni,이탈리아,Q2693,
Q16268200,Elios Bonzagni,Elios Bonzagni,이탈리아 왕국,Q2693,
Q16268219,Giovanni Busani,Giovanni Busani,이탈리아,Q2693,
Q16268226,Giovanni Calegari,Giovanni Calegari,이탈리아,Q2693,
Q16268246,Danilo Casagrande,Danilo Casagrande,이탈리아,Q2693,
Q16268265,Renato Catuzzi,Renato Catuzzi,이탈리아,Q2693,
Q16268309,Bruno Cresci,Bruno Cresci,이탈리아,Q2693,
Q16268339,Donelli,Donelli,이탈리아,Q2693,
Q16268341,Giovanni Dorà,Giovanni Dorà,이탈리아,Q2693,
Q16268383,Enrico Forneris,Enrico Forneris,이탈리아,Q2693,
Q16268383,Enrico Forneris,Enrico Forneris,이탈리아 왕국,Q2693,
Q16268386,Dante Fortini,Dante Fortini,이탈리아,Q2693,
Q16268386,Dante Fortini,Dante Fortini,이탈리아 왕국,Q2693,
Q16268390,Roberto Furlan,Roberto Furlan,이탈리아,Q2693,
Q16268408,Umberto Giachetti,Umberto Giachetti,이탈리아,Q2693,
Q16268411,Alex Gibbs,Alex Gibbs,이탈리아,Q2693,
Q16268413,Emilio Giovannini,Emilio Giovannini,이탈리아,Q2693,
Q16268414,Gino Giuberti,Gino Giuberti,이탈리아,Q2693,
Q16268514,Alfredo Mattioli,Alfredo Mattioli,이탈리아,Q2693,
Q16268514,Alfredo Mattioli,Alfredo Mattioli,이탈리아 왕국,Q2693,
Q16268517,Giovanni Mazzoni,Giovanni Mazzoni,이탈리아,Q2693,
Q16268517,Giovanni Mazzoni,Giovanni Mazzoni,이탈리아 왕국,Q2693,
Q16268577,Aldo Nichele,Aldo Nichele,이탈리아,Q2693,Nichel
Q16268623,Giovanni Pavoni,Giovanni Pavoni,이탈리아,Q2693,
Q16268666,Riccardo Poli,Riccardo Poli,이탈리아,Q2693,
Q16268713,Rossi,Rossi,이탈리아,Q2693,
Q16268719,Renato Rossini,Renato Rossini,이탈리아 왕국,Q2693,
Q16545888,Crocefisso Miglietta,Crocefisso Miglietta,이탈리아,Q2693,
Q16727783,Caio Secco,Caio Secco,브라질,Q2693,Caio Gobbo Secco
Q16728193,Francesco Corapi,Francesco Corapi,이탈리아,Q2693,
Q16729197,Desiderio Garufo,Desiderio Garufo,이탈리아,Q2693,Desiderio Michele Garufo
Q168287,크리스티안 파누치,크리스티안 파누치,이탈리아,Q2693,파누치
Q16841137,Sebestyén Ihrig-Farkas,Sebestyén Ihrig-Farkas,헝가리,Q2693,
Q16864043,Uroš Celcer,Uroš Celcer,슬로베니아,Q2693,
Q16963583,Gabriele Zamagna,Gabriele Zamagna,이탈리아,Q2693,
Q169995,조앙 미쿠,조앙 미쿠,프랑스,Q2693,"Johan Cedric Micoud, Johan Cédric Micoud"
Q170452,아드리아누 레이치 히베이루,아드리아누 레이치 히베이루,브라질,Q2693,"아드리아노 레이테 리베이로, 아드리아누 리베이루, 아드리아노 레이테 히베이로, 아드리아누 레이테 히베이루, 아드리아누 레이티 히베이루"
Q17098172,Lorenzo Galassi,Lorenzo Galassi,이탈리아,Q2693,
Q17100151,Amedej Vetrih,Amedej Vetrih,슬로베니아,Q2693,
Q17102388,Alessandro Vecchi,Alessandro Vecchi,이탈리아,Q2693,
Q171311,마르코 마르키오니,마르코 마르키오니,이탈리아,Q2693,
Q17198695,Andrea Scicchitano,Andrea Scicchitano,이탈리아,Q2693,
Q17285301,Carlo Pianzola,Carlo Pianzola,이탈리아,Q2693,
Q17285301,Carlo Pianzola,Carlo Pianzola,이탈리아 왕국,Q2693,
Q17285371,Ferdinando Rebecchi,Ferdinando Rebecchi,이탈리아,Q2693,
Q17285436,Giulio Rossi,Giulio Rossi,이탈리아,Q2693,
Q17303545,Giorgio Vernizzi,Giorgio Vernizzi,이탈리아,Q2693,
Q17305811,Carlo Crialese,Carlo Crialese,이탈리아,Q2693,
Q17341389,Bruno Bruschettini,Bruno Bruschettini,이탈리아,Q2693,
Q17351933,Giovanni Battista Fracassetti,Giovanni Battista Fracassetti,이탈리아,Q2693,
Q17361762,Zsolt Pataki,Zsolt Pataki,헝가리,Q2693,
Q17386271,Nicolò Lolli,Nicolò Lolli,이탈리아,Q2693,
Q17403330,Daniele Gragnoli,Daniele Gragnoli,이탈리아,Q2693,
Q17403467,Emiliano Storani,Emiliano Storani,이탈리아,Q2693,
Q17403497,Gianluca Turchetta,Gianluca Turchetta,이탈리아,Q2693,
Q174391,알레한드로 렘보,알레한드로 렘보,우루과이,Q2693,다니엘 알레한드로 렘보 베탄코르트
Q174614,카를로 안첼로티,카를로 안첼로티,이탈리아,Q2693,안첼로티
Q1750457,Federico Moretti,Federico Moretti,이탈리아,Q2693,
Q1752515,알렉산데르 마티센,알렉산데르 마티센,노르웨이,Q2693,"Alexander M. Mathisen, Alexander Myhre Moccia Mathisen"
Q17632888,Walter Rodríguez,Walter Rodríguez,파라과이,Q2693,
Q1765410,알바로 암푸에로,알바로 암푸에로,페루,Q2693,"Alvaro Ampuero, Álvaro Francisco Ampuero García-Rosell"
Q17993511,Medardo Ghini,Medardo Ghini,이탈리아,Q2693,
Q180326,릴리앙 튀람,릴리앙 튀람,프랑스,Q2693,Ruddy Lilian Thuram-Ulien
Q18049748,Pietro Manganelli,Pietro Manganelli,이탈리아,Q2693,
Q180993,안토니오 카사노,안토니오 카사노,이탈리아,Q2693,
Q18239111,Carlos García,Carlos García,스웨덴,Q2693,"Carlos Garcia Ambrosiani, Carlos Wilhelm García"
Q182451,알베르토 질라르디노,알베르토 질라르디노,이탈리아,Q2693,질라르디노
Q18391080,호낭 다비드 제로니무,호낭 다비드 제로니무,브라질,Q2693,Ronan David Jerônimo
Q1851160,Marco Ferrante,Marco Ferrante,이탈리아,Q2693,
Q1856676,Magnus Troest,Magnus Troest,덴마크 왕국,Q2693,
Q1857490,느왕쿼 오비오라,느왕쿼 오비오라,나이지리아,Q2693,Nwankwo Emeka Obiora
Q18637410,Alberto Grassi,Alberto Grassi,이탈리아,Q2693,
Q18637876,Mirko Pigliacelli,Mirko Pigliacelli,이탈리아,Q2693,Mirco Pigliacelli
Q18692806,Alessio da Cruz,Alessio da Cruz,네덜란드 왕국,Q2693,"Alessio Da Cruz, Alessio Sergio Fernando Da Cruz"
Q1869618,Roberto Colacone,Roberto Colacone,이탈리아,Q2693,
Q1869895,Angelo Colla,Angelo Colla,이탈리아,Q2693,Colla I
Q1869895,Angelo Colla,Angelo Colla,이탈리아 왕국,Q2693,Colla I
Q187125,흐리스토 스토이치코프,흐리스토 스토이치코프,불가리아,Q2693,스토이치코프
Q18719899,Juan Manuel Ramos,Juan Manuel Ramos,우루과이,Q2693,Juan Manuel Ramos Pintos
Q1872733,Giovanni Colzato,Giovanni Colzato,이탈리아,Q2693,
Q1873704,Franco Concesi,Franco Concesi,이탈리아,Q2693,
Q1873704,Franco Concesi,Franco Concesi,이탈리아 왕국,Q2693,
Q1874995,Giampiero Convalle,Giampiero Convalle,이탈리아,Q2693,
Q1875276,Guglielmo Coppola,Guglielmo Coppola,이탈리아,Q2693,
Q1875825,Guido Corbelli,Guido Corbelli,이탈리아,Q2693,
Q1875825,Guido Corbelli,Guido Corbelli,이탈리아 왕국,Q2693,
Q1875903,알렉스 코르다츠,알렉스 코르다츠,이탈리아,Q2693,
Q1876240,Giuseppe Corbellini,Giuseppe Corbellini,이탈리아,Q2693,
Q1876270,Luigi Sartor,Luigi Sartor,이탈리아,Q2693,
Q1876651,Corrado Corradi,Corrado Corradi,이탈리아,Q2693,
Q18811850,Marino Cavazzuti,Marino Cavazzuti,이탈리아,Q2693,
Q1881742,José Eduardo de Araújo,José Eduardo de Araújo,브라질,Q2693,"Zé Eduardo, Jose Eduardo de Araujo"
Q1883,사브리 라무시,사브리 라무시,튀니지,Q2693,
Q1883,사브리 라무시,사브리 라무시,프랑스,Q2693,
Q1891702,Manuel Scavone,Manuel Scavone,이탈리아,Q2693,
Q1893113,마시모 볼타,마시모 볼타,이탈리아,Q2693,
Q18933936,루카시 하라슬린,루카시 하라슬린,슬로바키아,Q2693,Lukas Haraslin
Q1893736,Marco Ferrari,Marco Ferrari,이탈리아,Q2693,
Q1907707,Massimo Loviso,Massimo Loviso,이탈리아,Q2693,
Q192974,하칸 쉬퀴르,하칸 쉬퀴르,튀르키예,Q2693,"하칸 수쿠르, 하칸 슈퀴르"
Q193000,브루누 알베스,브루누 알베스,포르투갈,Q2693,"브루노 알베스, 브루누 아우비스"
Q19335167,Luigi Calda,Luigi Calda,이탈리아,Q2693,
Q19338380,Domenico Filipponi,Domenico Filipponi,이탈리아,Q2693,
Q19338413,Alfredo Dall'Aglio,Alfredo Dall'Aglio,이탈리아,Q2693,
Q19338413,Alfredo Dall'Aglio,Alfredo Dall'Aglio,이탈리아 왕국,Q2693,
Q19340524,Torquato Rossini,Torquato Rossini,이탈리아,Q2693,
Q19340524,Torquato Rossini,Torquato Rossini,이탈리아 왕국,Q2693,
Q19358373,Armando Belletti,Armando Belletti,이탈리아,Q2693,
Q19364987,Andrea Casarini,Andrea Casarini,이탈리아,Q2693,
Q19395610,Piero Bianco,Piero Bianco,이탈리아,Q2693,
Q19402344,Alfredo Tassi,Alfredo Tassi,이탈리아,Q2693,
Q19402671,Giovanni Colonnelli,Giovanni Colonnelli,이탈리아,Q2693,
Q19407300,Giovanni Lumetti,Giovanni Lumetti,이탈리아,Q2693,
Q19409255,Gino Pellacini,Gino Pellacini,이탈리아,Q2693,
Q19414034,Italo Toscani,Italo Toscani,이탈리아,Q2693,
Q19521859,Andrés Sampedro,Andrés Sampedro,베네수엘라,Q2693,
Q19571694,Stefano Rossini,Stefano Rossini,이탈리아,Q2693,
Q19578002,Zoran Švonja,Zoran Švonja,세르비아,Q2693,
Q19609720,Daniele Bernasconi,Daniele Bernasconi,이탈리아,Q2693,
Q19609836,Tommaso Cancelloni,Tommaso Cancelloni,이탈리아,Q2693,
Q1965205,Damiano Ferronetti,Damiano Ferronetti,이탈리아,Q2693,
Q19664625,Gianpiero Tozzi,Gianpiero Tozzi,이탈리아,Q2693,
Q19665513,Tommaso Domini,Tommaso Domini,이탈리아,Q2693,
Q19665992,Angelo Tartaglia,Angelo Tartaglia,이탈리아,Q2693,
Q19667244,Alessandro Piacenti,Alessandro Piacenti,이탈리아,Q2693,
Q19667286,Alessandro Luparini,Alessandro Luparini,이탈리아,Q2693,
Q19668082,Riccardo Cocuzza,Riccardo Cocuzza,이탈리아,Q2693,
Q1977441,Jonas Portin,Jonas Portin,핀란드,Q2693,Jonas Lennart Portin
Q19798019,Geremy Lombardi,Geremy Lombardi,이탈리아,Q2693,
Q19884118,Luigi Lorini,Luigi Lorini,이탈리아,Q2693,
Q19884141,Antonio Rossetti,Antonio Rossetti,이탈리아,Q2693,
Q1988873,야스민 쿠르티치,야스민 쿠르티치,슬로베니아,Q2693,Jasmin Kurtic
Q1990849,제니우송 안젤루 지 소자,제니우송 안젤루 지 소자,브라질,Q2693,Jenilson Angelo de Souza
Q20090219,Mattia Bani,Mattia Bani,이탈리아,Q2693,
Q20090581,Gianluca Di Chiara,Gianluca Di Chiara,이탈리아,Q2693,
Q2018541,스테판 리스토프스키,스테판 리스토프스키,북마케도니아,Q2693,
Q20204829,페데리코 디마르코,페데리코 디마르코,이탈리아,Q2693,
Q202645,아드리안 무투,아드리안 무투,루마니아,Q2693,무투
Q2055422,David Löfquist,David Löfquist,스웨덴,Q2693,
Q2063672,Juan Antonio,Juan Antonio,아르헨티나,Q2693,Juan Ignacio Antonio
Q20641057,Facundo Lescano,Facundo Lescano,아르헨티나,Q2693,
Q207129,즐라탄 무슬리모비치,즐라탄 무슬리모비치,보스니아 헤르체고비나,Q2693,Zlatan Muslimović
Q207158,즐라트코 데디치,즐라트코 데디치,슬로베니아,Q2693,Zlatko Dedič
Q20740563,Armando Anastasio,Armando Anastasio,이탈리아,Q2693,
Q208025,제르비뉴,제르비뉴,코트디부아르,Q2693,Gervais Yao Kouassi
Q20807338,Cristian Dell'Orco,Cristian Dell'Orco,이탈리아,Q2693,
Q208680,왈테르 가르가노,왈테르 가르가노,우루과이,Q2693,월터 가르가노
Q2089380,Zé Maria,Zé Maria,브라질,Q2693,"Jose Marcelo Ferreira, José Marcelo Ferreira, Ze Maria"
Q20901681,Renzo Cavallina,Renzo Cavallina,이탈리아,Q2693,
Q20901681,Renzo Cavallina,Renzo Cavallina,이탈리아 왕국,Q2693,
Q20949250,Alessandro Deiola,Alessandro Deiola,이탈리아,Q2693,
Q20994329,Francisco Sierralta,Francisco Sierralta,칠레,Q2693,"Francisco Andrés Sierralta Carvallo, Francisco Sierralta Carvallo"
Q2103406,알랭 멘디,알랭 멘디,세네갈,Q2693,알랭피에르 멘디
Q211151,스티븐 아피아,스티븐 아피아,가나,Q2693,"Stephan Appiah, Stephen Leroy Appiah"
Q21123407,Gianni Uccelli,Gianni Uccelli,이탈리아,Q2693,
Q21123407,Gianni Uccelli,Gianni Uccelli,이탈리아 왕국,Q2693,
Q213111,세바스티안 조빈코,세바스티안 조빈코,이탈리아,Q2693,"세바스티안 지오빈코, 세바스티안 지오빙코"
Q213546,안토니오 노체리노,안토니오 노체리노,이탈리아,Q2693,
Q218680,그라지아노 펠레,그라지아노 펠레,이탈리아,Q2693,Graziano Pelle
Q219887,마티아 카사니,마티아 카사니,이탈리아,Q2693,
Q219902,크리스티아노 루파텔리,크리스티아노 루파텔리,이탈리아,Q2693,
Q2211909,Gene Gnocchi,Gene Gnocchi,이탈리아,Q2693,
Q221216,주세페 로시,주세페 로시,미국,Q2693,"쥐세페 로시, 쥬세페 로시, 지우세페 로시"
Q22162798,Eloge Koffi Yao,Eloge Koffi Yao,코트디부아르,Q2693,Eloge Koffi Yao Guy
Q2254057,Ângelo Mariano de Almeida,Ângelo Mariano de Almeida,브라질,Q2693,Angelo Mariano de Almeida
Q2254702,Matteo Guardalben,Matteo Guardalben,이탈리아,Q2693,
Q2254897,Fabio Moro,Fabio Moro,이탈리아,Q2693,
Q2255576,Roberto Stellone,Roberto Stellone,이탈리아,Q2693,
Q2256397,Alessandro Melli,Alessandro Melli,이탈리아,Q2693,
Q2265728,Arturo Lupoli,Arturo Lupoli,이탈리아,Q2693,
Q2279575,Francesco Valiani,Francesco Valiani,이탈리아,Q2693,
Q2283917,다니엘레 초라토,다니엘레 초라토,이탈리아,Q2693,
Q2291334,Alessandro Pierini,Alessandro Pierini,이탈리아,Q2693,
Q2292324,Fausto Salsano,Fausto Salsano,이탈리아,Q2693,
Q22959014,Mousa Balla Sowe,Mousa Balla Sowe,감비아,Q2693,
Q2307456,다비데 그라시,다비데 그라시,이탈리아,Q2693,
Q234866,마르코 아멜리아,마르코 아멜리아,이탈리아,Q2693,
Q234885,다니엘레 보네라,다니엘레 보네라,이탈리아,Q2693,
Q2368806,José Fernando Marqués Martín,José Fernando Marqués Martín,스페인,Q2693,Fernando Marques
Q2394737,Francesco Lunardini,Francesco Lunardini,이탈리아,Q2693,
Q24006254,Simone Edera,Simone Edera,이탈리아,Q2693,
Q240456,사보 밀로셰비치,사보 밀로셰비치,세르비아,Q2693,사보 밀로세비치
Q2412014,수피안 비다위,수피안 비다위,모로코,Q2693,
Q2436287,Luca Siligardi,Luca Siligardi,이탈리아,Q2693,
Q2441992,Manuel Giandonato,Manuel Giandonato,이탈리아,Q2693,
Q2446535,Toni Calvo,Toni Calvo,스페인,Q2693,
Q245054,파비오 보리니,파비오 보리니,이탈리아,Q2693,
Q2463213,세르히오 베르티,세르히오 베르티,아르헨티나,Q2693,
Q2464292,Paolo Hernán Dellafiore,Paolo Hernán Dellafiore,이탈리아,Q2693,"Hernán Paolo Dellafiore, Paolo Dellafiore, Paolo Hernan Dellafiore"
Q250093,마르코 델베키오,마르코 델베키오,이탈리아,Q2693,Marco Del Vecchio
Q251525,안드레아 코다,안드레아 코다,이탈리아,Q2693,
Q2517101,요한 베나루앙느,요한 베나루앙느,튀니지,Q2693,Yohan Ben Alouane
Q2517101,요한 베나루앙느,요한 베나루앙느,프랑스,Q2693,Yohan Ben Alouane
Q2517756,다니엘레 파포니,다니엘레 파포니,이탈리아,Q2693,
Q2519114,파트리초 살라,파트리초 살라,이탈리아,Q2693,
Q2530250,Martin Djetou,Martin Djetou,프랑스,Q2693,
Q253348,블레림 제마일리,블레림 제마일리,북마케도니아,Q2693,Blerim Dzemaili
Q253348,블레림 제마일리,블레림 제마일리,스위스,Q2693,Blerim Dzemaili
Q2534210,Ignacio Fideleff,Ignacio Fideleff,아르헨티나,Q2693,
Q253576,퇴제르 다니엘,퇴제르 다니엘,헝가리,Q2693,
Q25410915,Mario Alfieri,Mario Alfieri,정보 없음,Q2693,
Q2543635,Johnnier Montaño,Johnnier Montaño,콜롬비아,Q2693,"Johnnier Esteiner Montaño Caicedo, Johnnier Montano"
Q2548011,Massimo Paci,Massimo Paci,이탈리아,Q2693,
Q2564767,Alessio Manzoni,Alessio Manzoni,이탈리아,Q2693,
Q2574645,Isah Eliakwu,Isah Eliakwu,나이지리아,Q2693,Isah Abdulahi Eliakwu
Q2583761,Manuel Pascali,Manuel Pascali,이탈리아,Q2693,
Q2584470,Francesco Modesto,Francesco Modesto,이탈리아,Q2693,
Q2590946,율리우스 코로스텔레프,율리우스 코로스텔레프,슬로바키아,Q2693,Julius Korostelev
Q2590946,율리우스 코로스텔레프,율리우스 코로스텔레프,체코슬로바키아,Q2693,Julius Korostelev
Q262649,스테파노 로시니,스테파노 로시니,이탈리아,Q2693,
Q2628217,Pablo Fontanello,Pablo Fontanello,아르헨티나,Q2693,Pablo Ezequiel Fontanello
Q2629063,Michele Rinaldi,Michele Rinaldi,이탈리아,Q2693,
Q2642101,Franco Vázquez,Franco Vázquez,아르헨티나,Q2693,"Franco Damian Vazquez, Franco Damián Vázquez, Franco Vazquez"
Q2642101,Franco Vázquez,Franco Vázquez,이탈리아,Q2693,"Franco Damian Vazquez, Franco Damián Vázquez, Franco Vazquez"
Q2656804,잔니 무나리,잔니 무나리,이탈리아,Q2693,
Q26821326,데니스 만,데니스 만,루마니아,Q2693,
Q26857965,Ionuț Radu,Ionuț Radu,루마니아,Q2693,"Andrei Radu, Andrei Ionut Radu, Andrei Ionuț Radu, Ionut Andrei Radu, Ionuț Andrei Radu, Ionut Radu"
Q2707160,아프리예 아쿠아,아프리예 아쿠아,가나,Q2693,Ebenezer Afriyie Acquah
Q27078312,Kristaps Zommers,Kristaps Zommers,라트비아,Q2693,
Q2717112,마테오 루빈,마테오 루빈,이탈리아,Q2693,
Q2719879,Giampaolo Menichelli,Giampaolo Menichelli,이탈리아,Q2693,
Q2725063,안디 릴라,안디 릴라,알바니아,Q2693,
Q2738689,Gianluca Signorini,Gianluca Signorini,이탈리아,Q2693,
Q276026,루이지 리바,루이지 리바,이탈리아,Q2693,Luigi Riva
Q2763075,파볼 바이자,파볼 바이자,슬로바키아,Q2693,
Q276402,실베스트르 바렐라,실베스트르 바렐라,포르투갈,Q2693,"실베스트레 바렐라, 실베스트르 마누엘 곤살베스 바렐라"
Q27671053,Lorenzo Adorni,Lorenzo Adorni,이탈리아,Q2693,
Q27830894,Antonio Grillo,Antonio Grillo,이탈리아,Q2693,
Q27929639,Amato Ciciretti,Amato Ciciretti,이탈리아,Q2693,
Q2811319,요르만 아길라르,요르만 아길라르,파나마,Q2693,Jorman Israel Aguilar Bustamante
Q282551,라파엘레 팔라디노,라파엘레 팔라디노,이탈리아,Q2693,
Q2832857,Alessio Sarti,Alessio Sarti,이탈리아,Q2693,
Q28528670,Marco Frediani,Marco Frediani,이탈리아,Q2693,
Q28561068,알레산드로 바스토니,알레산드로 바스토니,이탈리아,Q2693,
Q28925146,Badara Sarr,Badara Sarr,정보 없음,Q2693,
Q29015307,Luca Germoni,Luca Germoni,이탈리아,Q2693,
Q290722,Emiliano Tarana,Emiliano Tarana,이탈리아,Q2693,
Q2939272,Carlo Volpi,Carlo Volpi,이탈리아,Q2693,
Q29586,리카르도 프리오네,리카르도 프리오네,우루과이,Q2693,리카르도 알베르토 프리오네
Q295891,클라우지우 타파레우,클라우지우 타파레우,브라질,Q2693,"클라우디우 타파레우, 클라우디우 타파렐"
Q296965,아리엘 오르테가,아리엘 오르테가,아르헨티나,Q2693,Ariel Arnaldo Ortega
Q299091,소티리스 니니스,소티리스 니니스,그리스,Q2693,
Q299105,시모네 바로네,시모네 바로네,이탈리아,Q2693,
Q307958,압델카데르 게잘,압델카데르 게잘,알제리,Q2693,"Abdel Kader Ghezzal, Abdelkader Mohamed Ghezzal, Kader Ghezzal, Mohamed Ghezzal"
Q307958,압델카데르 게잘,압델카데르 게잘,프랑스,Q2693,"Abdel Kader Ghezzal, Abdelkader Mohamed Ghezzal, Kader Ghezzal, Mohamed Ghezzal"
Q308110,Abderrazzak Jadid,Abderrazzak Jadid,모로코,Q2693,"Abderazak Jadid, Abderazzak Jadid, Abderrazak Jadid"
Q309731,마르시우 아모호주,마르시우 아모호주,브라질,Q2693,Márcio Amoroso dos Santos
Q310034,크리스티아노 루카렐리,크리스티아노 루카렐리,이탈리아,Q2693,C. Lucarelli
Q3105228,Gianluca Falsini,Gianluca Falsini,이탈리아,Q2693,
Q3105942,Gilberto Pogliano,Gilberto Pogliano,이탈리아,Q2693,
Q310737,발레리 보지노프,발레리 보지노프,불가리아,Q2693,발레리 보이노프
Q3108117,Giuseppe Patrucco,Giuseppe Patrucco,이탈리아,Q2693,
Q310965,빈스 그렐라,빈스 그렐라,오스트레일리아,Q2693,Vincenzo Grella
Q311108,세바스티앵 프레이,세바스티앵 프레이,프랑스,Q2693,"세바스티안 프레이, 세바스티앙 프레이"
Q3119435,Guido Gratton,Guido Gratton,이탈리아,Q2693,
Q3119435,Guido Gratton,Guido Gratton,이탈리아 왕국,Q2693,
Q311956,파올로 칸나바로,파올로 칸나바로,이탈리아,Q2693,파울로 칸나바로
Q312510,마크 브레시아노,마크 브레시아노,오스트레일리아,Q2693,"마르코 브레시아노, 브레시아노"
Q312510,마크 브레시아노,마크 브레시아노,이탈리아,Q2693,"마르코 브레시아노, 브레시아노"
Q313130,Emiliano Moretti,Emiliano Moretti,이탈리아,Q2693,
Q313207,마르틴 라우르센,마르틴 라우르센,덴마크 왕국,Q2693,마틴 라우르센
Q313468,페르난두 코투,페르난두 코투,포르투갈,Q2693,Fernando Manuel Silva Couto
Q313893,맥도널드 마리가,맥도널드 마리가,케냐,Q2693,맥도날드 마리가
Q314093,유라이 쿠카,유라이 쿠카,슬로바키아,Q2693,
Q314168,크리스티안 몰리나로,크리스티안 몰리나로,이탈리아,Q2693,
Q314376,크리스티안 로드리게스,크리스티안 로드리게스,우루과이,Q2693,"Cristian Rodriguez, Cristian Gabriel Rodriguez Barrotti"
Q314376,크리스티안 로드리게스,크리스티안 로드리게스,이탈리아,Q2693,"Cristian Rodriguez, Cristian Gabriel Rodriguez Barrotti"
Q314440,파울루 소자,파울루 소자,포르투갈,Q2693,"Paulo Souza, Paulo Manuel Carvalho Sousa"
Q3155881,Italo Allodi,Italo Allodi,이탈리아,Q2693,
Q3155881,Italo Allodi,Italo Allodi,이탈리아 왕국,Q2693,
Q316479,자멜 메스바흐,자멜 메스바흐,알제리,Q2693,Djamel Eddine Mesbah
Q316573,파올로 데 첼리에,파올로 데 첼리에,이탈리아,Q2693,
Q316812,마르코 도나델,마르코 도나델,이탈리아,Q2693,
Q317298,세르지우 콘세이상,세르지우 콘세이상,포르투갈,Q2693,세르히우 콘세이상
Q3174243,나빌 타이데르,나빌 타이데르,알제리,Q2693,
Q3174243,나빌 타이데르,나빌 타이데르,튀니지,Q2693,
Q3174243,나빌 타이데르,나빌 타이데르,프랑스,Q2693,
Q3180341,마누엘 아르테아가,마누엘 아르테아가,베네수엘라,Q2693,Manuel Alejandro Arteaga Rubianes
Q318226,스테파노 피오레,스테파노 피오레,이탈리아,Q2693,
Q318387,아벨 발보,아벨 발보,아르헨티나,Q2693,Abel Eduardo Balbo
Q323994,Gennaro Scognamiglio,Gennaro Scognamiglio,이탈리아,Q2693,
Q32556,안토니오 칸드레바,안토니오 칸드레바,이탈리아,Q2693,
Q326480,조엘 추쿠우마 오비,조엘 추쿠우마 오비,나이지리아,Q2693,Joel Chukwuma Obi
Q326497,도메니코 모르페오,도메니코 모르페오,이탈리아,Q2693,
Q328770,디노 바조,디노 바조,이탈리아,Q2693,디노 바지오
Q32948332,Antonio Santurro,Antonio Santurro,도미니카 공화국,Q2693,Antonio Santurro Bueno
Q32948332,Antonio Santurro,Antonio Santurro,이탈리아,Q2693,Antonio Santurro Bueno
Q331356,Andrea Guatelli,Andrea Guatelli,이탈리아,Q2693,
Q3362674,Paolo Vanoli,Paolo Vanoli,이탈리아,Q2693,
Q3374050,페드루 필리프 멘드스,페드루 필리프 멘드스,포르투갈,Q2693,Pedro Filipe Teodósio Mendes
Q3382715,Pierluigi Frattali,Pierluigi Frattali,이탈리아,Q2693,Pier Luigi Frattali
Q3403269,Primo Sentimenti,Primo Sentimenti,이탈리아,Q2693,"Primo Sentimenti V, Sentimenti V"
Q3403269,Primo Sentimenti,Primo Sentimenti,이탈리아 왕국,Q2693,"Primo Sentimenti V, Sentimenti V"
Q341391,체스트미르 비츠팔레크,체스트미르 비츠팔레크,체코,Q2693,Cestmir Vycpalek
Q341391,체스트미르 비츠팔레크,체스트미르 비츠팔레크,체코슬로바키아,Q2693,Cestmir Vycpalek
Q342228,스테파노 오카카,스테파노 오카카,이탈리아,Q2693,
Q342342,가브리엘 팔레타,가브리엘 팔레타,아르헨티나,Q2693,
Q342342,가브리엘 팔레타,가브리엘 팔레타,이탈리아,Q2693,
Q342387,예스페르 블롬크비스트,예스페르 블롬크비스트,스웨덴,Q2693,라르스 예스페르 블롬크비스트
Q3444038,필리포 보니페르티,필리포 보니페르티,이탈리아,Q2693,
Q345026,엔리코 키에사,엔리코 키에사,이탈리아,Q2693,
Q3472048,Sandro Salvioni,Sandro Salvioni,이탈리아,Q2693,"Sandro Walter Salvioni, Valter Alessandro Salvioni"
Q347603,마테오 페라리,마테오 페라리,이탈리아,Q2693,
Q348860,Giampiero Maini,Giampiero Maini,이탈리아,Q2693,
Q3497980,Stefano Nava,Stefano Nava,이탈리아,Q2693,
Q350452,마리오 스타니치,마리오 스타니치,유고슬라비아 사회주의 연방공화국,Q2693,
Q350452,마리오 스타니치,마리오 스타니치,크로아티아,Q2693,
Q350738,알랭 보고시앙,알랭 보고시앙,프랑스,Q2693,"Alain Regis Boghossian, Alain Régis Boghossian"
Q351793,루이스 안토니오 히메네스,루이스 안토니오 히메네스,칠레,Q2693,"루이스 지메네스, 루이스 히메네즈"
Q352726,아다이우통 마르칭스 보우장,아다이우통 마르칭스 보우장,브라질,Q2693,Adailton Martins Bolzan
Q353258,모하메드 카데르,모하메드 카데르,토고,Q2693,"모하메드 압델 카데르 쿠바자, 모하메드 압델 카데르 쿠바자 투레, 모하메드 압델카데르 쿠바자투레, 모하메드 카데르 투레 쿠바자, 카데르"
Q354366,루시아노 가예티,루시아노 가예티,아르헨티나,Q2693,Luciano Martín Galletti
Q355830,마테오 브리기,마테오 브리기,이탈리아,Q2693,
Q359494,마티아스 알메이다,마티아스 알메이다,아르헨티나,Q2693,"Matias Almeyda, Matías Jesús Almeyda"
Q3604414,Achille Sacchi,Achille Sacchi,이탈리아,Q2693,
Q3604414,Achille Sacchi,Achille Sacchi,이탈리아 왕국,Q2693,
Q3605346,Adile Montanari,Adile Montanari,이탈리아,Q2693,
Q3605346,Adile Montanari,Adile Montanari,이탈리아 왕국,Q2693,
Q3605476,Adolfo Sormani,Adolfo Sormani,이탈리아,Q2693,Dodo Sormani
Q3607631,Aladino Valoti,Aladino Valoti,이탈리아,Q2693,
Q3608355,Alberto Giuliatto,Alberto Giuliatto,이탈리아,Q2693,
Q3608398,Alberto Mantelli,Alberto Mantelli,이탈리아,Q2693,
Q3608399,Alberto Mantovani,Alberto Mantovani,이탈리아,Q2693,
Q3608536,Alberto Recchia,Alberto Recchia,이탈리아,Q2693,
Q3608536,Alberto Recchia,Alberto Recchia,이탈리아 왕국,Q2693,
Q3608548,Alberto Rizzati,Alberto Rizzati,이탈리아,Q2693,
Q3608552,Alberto Rivolta,Alberto Rivolta,이탈리아,Q2693,
Q3609213,Aldo Fontana,Aldo Fontana,이탈리아,Q2693,
Q3609213,Aldo Fontana,Aldo Fontana,이탈리아 왕국,Q2693,
Q3609260,Aldo Monardi,Aldo Monardi,이탈리아,Q2693,
Q3609260,Aldo Monardi,Aldo Monardi,이탈리아 왕국,Q2693,
Q3609262,Aldo Monza,Aldo Monza,이탈리아,Q2693,
Q3609323,Aldo Silvagna,Aldo Silvagna,이탈리아,Q2693,
Q3609624,Alen Jogan,Alen Jogan,슬로베니아,Q2693,
Q3610021,Alessandro Fornasaris,Alessandro Fornasaris,이탈리아,Q2693,
Q3610021,Alessandro Fornasaris,Alessandro Fornasaris,이탈리아 왕국,Q2693,
Q3610168,Alessandro Nista,Alessandro Nista,이탈리아,Q2693,
Q3610177,Alessandro Orlando,Alessandro Orlando,이탈리아,Q2693,
Q3610293,Alessandro Savelli,Alessandro Savelli,이탈리아 왕국,Q2693,
Q3610378,Alessandro Zaninelli,Alessandro Zaninelli,이탈리아,Q2693,
Q3611422,Alfredo Lulich,Alfredo Lulich,이탈리아,Q2693,
Q3611422,Alfredo Lulich,Alfredo Lulich,이탈리아 왕국,Q2693,
Q3611569,Algiso Toscani,Algiso Toscani,이탈리아,Q2693,
Q3611569,Algiso Toscani,Algiso Toscani,이탈리아 왕국,Q2693,
Q3613900,Amedeo Mangone,Amedeo Mangone,이탈리아,Q2693,
Q361409,Faustino Asprilla,Faustino Asprilla,콜롬비아,Q2693,El mondacón
Q361435,토마스 브롤린,토마스 브롤린,스웨덴,Q2693,
Q3615730,Andrea Galassi,Andrea Galassi,이탈리아,Q2693,
Q3616003,Andrea Rispoli,Andrea Rispoli,이탈리아,Q2693,
Q3617046,Angelo Lodi,Angelo Lodi,이탈리아,Q2693,
Q3617132,Angelo Panara,Angelo Panara,이탈리아,Q2693,
Q3617132,Angelo Panara,Angelo Panara,이탈리아 왕국,Q2693,
Q3617154,Angelo Piccioli,Angelo Piccioli,이탈리아,Q2693,
Q3617161,Angelo Pilati,Angelo Pilati,이탈리아 왕국,Q2693,
Q3617240,Angelo Spanio,Angelo Spanio,이탈리아,Q2693,
Q3617240,Angelo Spanio,Angelo Spanio,이탈리아 왕국,Q2693,
Q3617263,Angelo Venturelli,Angelo Venturelli,이탈리아,Q2693,
Q3619052,Antonino D'Agostino,Antonino D'Agostino,이탈리아,Q2693,
Q3619529,Antonio Di Carlo,Antonio Di Carlo,이탈리아,Q2693,
Q3619863,Antonio Matteoni,Antonio Matteoni,이탈리아,Q2693,
Q3620202,Antonio Sconziano,Antonio Sconziano,이탈리아,Q2693,
Q3620232,Antonio Soncini,Antonio Soncini,이탈리아,Q2693,
Q3620232,Antonio Soncini,Antonio Soncini,이탈리아 왕국,Q2693,
Q3622963,Armando Onesti,Armando Onesti,이탈리아,Q2693,
Q3623660,Aroldo Vaccari,Aroldo Vaccari,이탈리아,Q2693,
Q3624576,Arturo Policaro,Arturo Policaro,이탈리아,Q2693,
Q3624576,Arturo Policaro,Arturo Policaro,이탈리아 왕국,Q2693,
Q3629277,Attilio Perotti,Attilio Perotti,이탈리아,Q2693,
Q3629628,Augusto Gabriele,Augusto Gabriele,이탈리아,Q2693,
Q3638238,Benito Zanutto,Benito Zanutto,이탈리아,Q2693,
Q3645720,Bruno Dazzi,Bruno Dazzi,이탈리아,Q2693,
Q3645720,Bruno Dazzi,Bruno Dazzi,이탈리아 왕국,Q2693,
Q3645726,Bruno Dentelli,Bruno Dentelli,이탈리아,Q2693,
Q3645726,Bruno Dentelli,Bruno Dentelli,이탈리아 왕국,Q2693,
Q3645734,Bruno Ducati,Bruno Ducati,이탈리아,Q2693,
Q3645777,Bruno Gioia,Bruno Gioia,이탈리아,Q2693,
Q3645885,Bruno Piaser,Bruno Piaser,이탈리아,Q2693,
Q3645896,Bruno Porcelli,Bruno Porcelli,이탈리아,Q2693,
Q3651511,Camillo Girotti,Camillo Girotti,이탈리아,Q2693,
Q3651511,Camillo Girotti,Camillo Girotti,이탈리아 왕국,Q2693,
Q3658873,Carlalberto Ludi,Carlalberto Ludi,이탈리아,Q2693,Carlo Alberto Ludi
Q3659605,Carlo Matteucci,Carlo Matteucci,이탈리아,Q2693,
Q3659605,Carlo Matteucci,Carlo Matteucci,이탈리아 왕국,Q2693,
Q3659623,Carlo Mezzi,Carlo Mezzi,이탈리아,Q2693,
Q3665329,Cesare Augusto Fasanelli,Cesare Augusto Fasanelli,이탈리아,Q2693,
Q3665329,Cesare Augusto Fasanelli,Cesare Augusto Fasanelli,이탈리아 왕국,Q2693,
Q3665570,Cesare Zancanaro,Cesare Zancanaro,이탈리아,Q2693,
Q3665570,Cesare Zancanaro,Cesare Zancanaro,이탈리아 왕국,Q2693,
Q367368,Cesare Bovo,Cesare Bovo,이탈리아,Q2693,
Q367433,Davide Lanzafame,Davide Lanzafame,이탈리아,Q2693,
Q3680008,Claudio Darni,Claudio Darni,이탈리아,Q2693,
Q3680035,Claudio Fermanelli,Claudio Fermanelli,이탈리아,Q2693,
Q3680107,Claudio Lombardo,Claudio Lombardo,이탈리아,Q2693,
Q3680256,Claudio Turella,Claudio Turella,이탈리아,Q2693,
Q369133,로베르토 센시니,로베르토 센시니,아르헨티나,Q2693,"Nestor Roberto Sensini, Nestor Sensini, Roberto Nestor Sensini, Roberto Néstor Sensini"
Q3693684,Cornelio Donati,Cornelio Donati,이탈리아,Q2693,
Q3695482,Costantino Fava,Costantino Fava,이탈리아,Q2693,
Q369551,조나탕 비아비아니,조나탕 비아비아니,프랑스,Q2693,조나탕 뤼도비크 비아비아니
Q3701271,Damiano Morra,Damiano Morra,이탈리아,Q2693,
Q3701932,Daniele Davin,Daniele Davin,이탈리아,Q2693,
Q3701939,Daniele Degano,Daniele Degano,이탈리아,Q2693,
Q3702045,Daniele Pasa,Daniele Pasa,이탈리아,Q2693,
Q3702365,Dante Guagnetti,Dante Guagnetti,이탈리아,Q2693,
Q3702365,Dante Guagnetti,Dante Guagnetti,이탈리아 왕국,Q2693,
Q3703543,Davide Falcioni,Davide Falcioni,이탈리아,Q2693,
Q3703556,Davide Giorgino,Davide Giorgino,이탈리아,Q2693,
Q3703577,Davide Matteini,Davide Matteini,이탈리아,Q2693,
Q3703583,Davide Micillo,Davide Micillo,이탈리아,Q2693,
Q3703629,Davide Sinigaglia,Davide Sinigaglia,이탈리아,Q2693,
Q3703639,Davide Zannoni,Davide Zannoni,이탈리아,Q2693,
Q3705433,Denilson Gabionetta,Denilson Gabionetta,브라질,Q2693,"Denilson Martinho Gabionetta, Gabionetta"
Q3707179,Diego Ficarra,Diego Ficarra,이탈리아,Q2693,
Q3707757,Dimitri Pinti,Dimitri Pinti,이탈리아,Q2693,
Q3707757,Dimitri Pinti,Dimitri Pinti,이탈리아 왕국,Q2693,
Q3707906,Dino Di Carlo,Dino Di Carlo,이탈리아,Q2693,
Q3707916,Dino Fragni,Dino Fragni,이탈리아,Q2693,
Q3707961,Dino Spadetto,Dino Spadetto,이탈리아,Q2693,
Q3713269,Domenico Tosi,Domenico Tosi,이탈리아,Q2693,Luigi Domenico Tosi
Q3713269,Domenico Tosi,Domenico Tosi,이탈리아 왕국,Q2693,Luigi Domenico Tosi
Q3716153,Duilio Setti,Duilio Setti,이탈리아,Q2693,
Q3716153,Duilio Setti,Duilio Setti,이탈리아 왕국,Q2693,
Q3718514,Lorenzo Pasqualini,Lorenzo Pasqualini,이탈리아,Q2693,
Q3725185,Enea Moruzzi,Enea Moruzzi,이탈리아,Q2693,
Q3725988,Enrico Piccioni,Enrico Piccioni,이탈리아,Q2693,
Q3726534,Enzo Garavoglia,Enzo Garavoglia,이탈리아,Q2693,
Q3726534,Enzo Garavoglia,Enzo Garavoglia,이탈리아 왕국,Q2693,
Q3726535,Enzo Gambaro,Enzo Gambaro,이탈리아,Q2693,
Q3726563,Enzo Loni,Enzo Loni,이탈리아,Q2693,
Q3726563,Enzo Loni,Enzo Loni,이탈리아 왕국,Q2693,
Q3726572,Enzo Magnanini,Enzo Magnanini,이탈리아,Q2693,
Q3726572,Enzo Magnanini,Enzo Magnanini,이탈리아 왕국,Q2693,
Q3726630,Enzo Romano,Enzo Romano,이탈리아,Q2693,
Q3726630,Enzo Romano,Enzo Romano,이탈리아 왕국,Q2693,
Q3731938,Ermanno Righetto,Ermanno Righetto,이탈리아,Q2693,Ermano Righetto
Q3731997,Ermes Polli,Ermes Polli,이탈리아,Q2693,
Q3737871,Fabio Vignaroli,Fabio Vignaroli,이탈리아,Q2693,
Q3738051,Fabrizio Larini,Fabrizio Larini,이탈리아,Q2693,
Q3740355,Fausto Daolio,Fausto Daolio,이탈리아,Q2693,
Q3740398,Fausto Pizzi,Fausto Pizzi,이탈리아,Q2693,
Q3740423,Fausto Vicino,Fausto Vicino,이탈리아,Q2693,
Q3742148,펠리체 에바쿠오,펠리체 에바쿠오,이탈리아,Q2693,
Q3742654,Ferdinando Piro,Ferdinando Piro,이탈리아,Q2693,
Q3742667,Ferdinando Rossi,Ferdinando Rossi,이탈리아,Q2693,
Q3743809,Ferruccio Ratti,Ferruccio Ratti,이탈리아,Q2693,
Q3745298,Filippo Porcari,Filippo Porcari,이탈리아,Q2693,
Q3750189,프란체스코 마냐넬리,프란체스코 마냐넬리,이탈리아,Q2693,
Q3751260,Franco Deasti,Franco Deasti,이탈리아,Q2693,Franco De Asti
Q3751305,Franco Ferrari,Franco Ferrari,이탈리아,Q2693,
Q3751414,Franco Marmiroli,Franco Marmiroli,이탈리아,Q2693,
Q3751484,Franco Paleari,Franco Paleari,이탈리아,Q2693,
Q3751539,Franco Raimondi,Franco Raimondi,이탈리아,Q2693,
Q3751539,Franco Raimondi,Franco Raimondi,이탈리아 왕국,Q2693,
Q375502,조반니 갈리,조반니 갈리,이탈리아,Q2693,지오반니 갈리
Q3755362,Fábio Alexandre Silva Nunes,Fábio Alexandre Silva Nunes,포르투갈,Q2693,Fabio Alexandre Silva Nunes
Q3756492,Gabriel Oyola,Gabriel Oyola,아르헨티나,Q2693,
Q3756658,가브리엘레 파오네사,가브리엘레 파오네사,이탈리아,Q2693,
Q3757012,Gaetano Grieco,Gaetano Grieco,이탈리아,Q2693,
Q375758,Anthony Šerić,Anthony Šerić,오스트레일리아,Q2693,
Q375758,Anthony Šerić,Anthony Šerić,크로아티아,Q2693,
Q3762196,Giacomo Murelli,Giacomo Murelli,이탈리아,Q2693,
Q3762324,Giacomo Zunico,Giacomo Zunico,이탈리아,Q2693,
Q3762984,Giancarlo Versolatto,Giancarlo Versolatto,이탈리아,Q2693,
Q3763232,Gianluca Franchini,Gianluca Franchini,이탈리아,Q2693,
Q3763247,Gianluca Hervatin,Gianluca Hervatin,이탈리아,Q2693,
Q3763288,Gianluca Righetti,Gianluca Righetti,이탈리아,Q2693,
Q3763516,Gianni Flamigni,Gianni Flamigni,이탈리아,Q2693,
Q3763584,Gianni Molinari,Gianni Molinari,이탈리아,Q2693,
Q3763711,Giano Pattini,Giano Pattini,이탈리아,Q2693,
Q3763711,Giano Pattini,Giano Pattini,이탈리아 왕국,Q2693,
Q3763723,Gianpaolo Fontana,Gianpaolo Fontana,이탈리아,Q2693,
Q3763751,Gianpiero Piovani,Gianpiero Piovani,이탈리아,Q2693,Giampietro Piovani
Q3763781,잔비토 미수라카,잔비토 미수라카,이탈리아,Q2693,Gian Vito Misuraca
Q3764668,Gino Menozzi,Gino Menozzi,이탈리아,Q2693,
Q3765706,Giorgio Redeghieri,Giorgio Redeghieri,이탈리아,Q2693,
Q3765710,Giorgio Repetto,Giorgio Repetto,이탈리아,Q2693,
Q3765779,Giorgio Tedeschini,Giorgio Tedeschini,이탈리아,Q2693,
Q3765822,Giorgio Visconti,Giorgio Visconti,이탈리아,Q2693,
Q3765822,Giorgio Visconti,Giorgio Visconti,이탈리아 왕국,Q2693,
Q3767435,Giovanni Griffith,Giovanni Griffith,이탈리아,Q2693,
Q3767435,Giovanni Griffith,Giovanni Griffith,이탈리아 왕국,Q2693,
Q3767621,Giovanni Manfrinato,Giovanni Manfrinato,이탈리아,Q2693,
Q3767734,Giovanni Meregalli,Giovanni Meregalli,이탈리아,Q2693,
Q3767910,Giovanni Penzi,Giovanni Penzi,이탈리아,Q2693,
Q3767949,Giovanni Pirola,Giovanni Pirola,이탈리아,Q2693,
Q3767993,Giovanni Quadri,Giovanni Quadri,이탈리아,Q2693,
Q3768011,Giovanni Rasia Dal Polo,Giovanni Rasia Dal Polo,이탈리아,Q2693,
Q3768011,Giovanni Rasia Dal Polo,Giovanni Rasia Dal Polo,이탈리아 왕국,Q2693,
Q3768042,Giovanni Roletto,Giovanni Roletto,이탈리아,Q2693,
Q3768042,Giovanni Roletto,Giovanni Roletto,이탈리아 왕국,Q2693,
Q3768163,Giovanni Sorce,Giovanni Sorce,이탈리아,Q2693,
Q3769391,Giuliano Manfredi,Giuliano Manfredi,이탈리아,Q2693,
Q3769784,Giulio Sega,Giulio Sega,이탈리아,Q2693,
Q3770250,Giuseppe Carlo Ferrari,Giuseppe Carlo Ferrari,이탈리아,Q2693,Ferrari I
Q3770250,Giuseppe Carlo Ferrari,Giuseppe Carlo Ferrari,이탈리아 왕국,Q2693,Ferrari I
Q3770359,Giuseppe Corti,Giuseppe Corti,이탈리아,Q2693,
Q3770903,Giuseppe Marchioro,Giuseppe Marchioro,이탈리아,Q2693,
Q3771021,Giuseppe Molina,Giuseppe Molina,이탈리아,Q2693,Molina I
Q3771021,Giuseppe Molina,Giuseppe Molina,이탈리아 왕국,Q2693,Molina I
Q3771251,Giuseppe Pomati,Giuseppe Pomati,이탈리아,Q2693,
Q3771251,Giuseppe Pomati,Giuseppe Pomati,이탈리아 왕국,Q2693,
Q3771303,Giuseppe Regali,Giuseppe Regali,이탈리아,Q2693,
Q3771381,Giuseppe Saccone,Giuseppe Saccone,이탈리아,Q2693,
Q3771381,Giuseppe Saccone,Giuseppe Saccone,이탈리아 왕국,Q2693,
Q3772811,Goffredo Stabellini,Goffredo Stabellini,이탈리아,Q2693,
Q3772811,Goffredo Stabellini,Goffredo Stabellini,이탈리아 왕국,Q2693,
Q3776028,Graziano Mannari,Graziano Mannari,이탈리아,Q2693,
Q3779266,Guido Di Fabio,Guido Di Fabio,이탈리아,Q2693,
Q3779376,Guido Mazzetti,Guido Mazzetti,이탈리아,Q2693,
Q3779376,Guido Mazzetti,Guido Mazzetti,이탈리아 왕국,Q2693,
Q3779520,Guido Zuliani,Guido Zuliani,이탈리아,Q2693,
Q3779520,Guido Zuliani,Guido Zuliani,이탈리아 왕국,Q2693,
Q3798957,Innocente Meroi,Innocente Meroi,이탈리아,Q2693,
Q3798957,Innocente Meroi,Innocente Meroi,이탈리아 왕국,Q2693,
Q3804918,이보 풀가,이보 풀가,이탈리아,Q2693,
Q381207,마투잘렝,마투잘렝,브라질,Q2693,Matuzalem
Q381269,이고르 부단,이고르 부단,크로아티아,Q2693,
Q381401,토마스 다닐레비추스,토마스 다닐레비추스,그리스,Q2693,
Q381401,토마스 다닐레비추스,토마스 다닐레비추스,리투아니아,Q2693,
Q381401,토마스 다닐레비추스,토마스 다닐레비추스,소련,Q2693,
Q381672,우스만 다보,우스만 다보,세네갈,Q2693,엘하지 우스만 다보
Q381672,우스만 다보,우스만 다보,프랑스,Q2693,엘하지 우스만 다보
Q3830248,Leo Giacosa,Leo Giacosa,이탈리아,Q2693,
Q3830276,Leo Stulac,Leo Stulac,슬로베니아,Q2693,
Q3830277,Leo Trovati,Leo Trovati,이탈리아,Q2693,
Q3830718,Leopoldo Raimondi,Leopoldo Raimondi,이탈리아,Q2693,
Q3832060,Lidio Manzotti,Lidio Manzotti,이탈리아,Q2693,
Q3832060,Lidio Manzotti,Lidio Manzotti,이탈리아 왕국,Q2693,
Q3835640,Livio Spaggiari,Livio Spaggiari,이탈리아,Q2693,Lino Spaggiari
Q3835640,Livio Spaggiari,Livio Spaggiari,이탈리아 왕국,Q2693,Lino Spaggiari
Q3838236,Luca Pinton,Luca Pinton,이탈리아,Q2693,
Q3838296,루카 테데스키,루카 테데스키,이탈리아,Q2693,
Q3838567,Luciano Degara,Luciano Degara,이탈리아,Q2693,Luciano De Gara
Q3838567,Luciano Degara,Luciano Degara,이탈리아 왕국,Q2693,Luciano De Gara
Q3838574,Luciano Facchini,Luciano Facchini,이탈리아,Q2693,
Q3838642,Luciano Marchi,Luciano Marchi,이탈리아,Q2693,
Q3838904,Lucio Mongardi,Lucio Mongardi,이탈리아,Q2693,
Q3839573,Luigi Del Grosso,Luigi Del Grosso,이탈리아,Q2693,
Q3839573,Luigi Del Grosso,Luigi Del Grosso,이탈리아 왕국,Q2693,
Q3840088,Luigi Rizzi,Luigi Rizzi,이탈리아,Q2693,
Q3840159,Luigi Sichel,Luigi Sichel,이탈리아,Q2693,"Gino Sichel, Sichel I"
Q3840249,Luigi Vitto,Luigi Vitto,이탈리아,Q2693,
Q3840249,Luigi Vitto,Luigi Vitto,이탈리아 왕국,Q2693,
Q3844493,Manfredo Grandi,Manfredo Grandi,이탈리아,Q2693,
Q3845600,Marcello Gazzola,Marcello Gazzola,이탈리아,Q2693,
Q3846165,Marco Giandebiaggi,Marco Giandebiaggi,이탈리아,Q2693,
Q3846206,Marco Landucci,Marco Landucci,이탈리아,Q2693,
Q3846258,Marco Marocchi,Marco Marocchi,이탈리아,Q2693,
Q3846396,Marco Pullo,Marco Pullo,이탈리아,Q2693,
Q3846436,Marco Rossi,Marco Rossi,이탈리아,Q2693,
Q3846527,Marco Torresani,Marco Torresani,이탈리아,Q2693,
Q3847800,Mariano Sotgia,Mariano Sotgia,이탈리아,Q2693,
Q3848555,Mario Facco,Mario Facco,이탈리아,Q2693,
Q3848555,Mario Facco,Mario Facco,이탈리아 왕국,Q2693,
Q3848562,Mario Ferraguti,Mario Ferraguti,이탈리아,Q2693,
Q3848714,Mario Lemme,Mario Lemme,이탈리아,Q2693,
Q3848841,Mario Moriggi,Mario Moriggi,이탈리아,Q2693,
Q3849090,Mario Scarpa,Mario Scarpa,이탈리아,Q2693,
Q3849266,Mario Zurlini,Mario Zurlini,이탈리아,Q2693,
Q3851486,Massimo Susic,Massimo Susic,이탈리아,Q2693,
Q3851854,Matija Širok,Matija Širok,슬로베니아,Q2693,
Q3852154,Matteo Mandorlini,Matteo Mandorlini,이탈리아,Q2693,
Q3852220,Matteo Scozzarella,Matteo Scozzarella,이탈리아,Q2693,
Q3852879,Mauro Milanese,Mauro Milanese,이탈리아,Q2693,
Q3856617,Michele Gelsi,Michele Gelsi,이탈리아,Q2693,
Q3856842,Michele Zanutta,Michele Zanutta,이탈리아,Q2693,
Q3857716,밀란 주리치,밀란 주리치,보스니아 헤르체고비나,Q2693,"Milan Djurić, Milan Djuric, Milan Duric"
Q3862938,Moreno Morbiducci,Moreno Morbiducci,이탈리아,Q2693,
Q3869208,마리우 후이,마리우 후이,포르투갈,Q2693,
Q3874500,Nello Tedeschini,Nello Tedeschini,이탈리아,Q2693,
Q3875865,Niccolò Galli,Niccolò Galli,이탈리아,Q2693,Niccolo Galli
Q3876245,Nicola Innocentin,Nicola Innocentin,이탈리아,Q2693,
Q3876338,Nicola Ravaglia,Nicola Ravaglia,이탈리아,Q2693,
Q3876453,Nicolas Šumský,Nicolas Šumský,체코,Q2693,Nicolas Sumsky
Q3881460,Ibrahim Babatunde,Ibrahim Babatunde,나이지리아,Q2693,Ibrahim Olalekan Babatunde
Q3881897,Olmes Neri,Olmes Neri,이탈리아,Q2693,
Q3881897,Olmes Neri,Olmes Neri,이탈리아 왕국,Q2693,
Q3884929,Orazio Rancati,Orazio Rancati,이탈리아,Q2693,
Q3887017,Osvaldo Perazzo,Osvaldo Perazzo,이탈리아,Q2693,
Q3887078,Otello Zironi,Otello Zironi,이탈리아,Q2693,
Q3887078,Otello Zironi,Otello Zironi,이탈리아 왕국,Q2693,
Q3893696,Paolo Alberto Faccini,Paolo Alberto Faccini,이탈리아,Q2693,Paolo Faccini
Q3894013,Paolo Erba,Paolo Erba,이탈리아,Q2693,
Q3894013,Paolo Erba,Paolo Erba,이탈리아 왕국,Q2693,
Q3894061,Paolo Franceschelli,Paolo Franceschelli,이탈리아,Q2693,
Q3894139,Paolo Guastalvino,Paolo Guastalvino,이탈리아,Q2693,
Q3894393,Paolo Poggi,Paolo Poggi,이탈리아,Q2693,
Q3894518,Paolo Tomasoni,Paolo Tomasoni,이탈리아,Q2693,
Q3902950,Pier Paolo Scarrone,Pier Paolo Scarrone,이탈리아,Q2693,Pierpaolo Scarrone
Q3903108,Pierluigi Di Già,Pierluigi Di Già,이탈리아,Q2693,Pierluigi Di Gia
Q3903177,Piero Bossola,Piero Bossola,이탈리아,Q2693,
Q3903177,Piero Bossola,Piero Bossola,이탈리아 왕국,Q2693,
Q3904086,Pietro Miniussi,Pietro Miniussi,이탈리아,Q2693,Piero Miniussi
Q3904283,Pietro Strada,Pietro Strada,이탈리아,Q2693,Pietro Marco Strada
Q3929110,Raffaele Longo,Raffaele Longo,이탈리아,Q2693,
Q3929165,Raffaele Schicchi,Raffaele Schicchi,이탈리아,Q2693,
Q3929172,Raffaele Schiavi,Raffaele Schiavi,이탈리아,Q2693,
Q3929606,Raimondo Taucar,Raimondo Taucar,이탈리아,Q2693,
Q3932487,Remo Morelli,Remo Morelli,이탈리아,Q2693,
Q3932701,Renato Luosi,Renato Luosi,이탈리아,Q2693,
Q3932701,Renato Luosi,Renato Luosi,이탈리아 왕국,Q2693,
Q3932706,Renato Martini,Renato Martini,이탈리아,Q2693,
Q3932741,Renato Olive,Renato Olive,이탈리아,Q2693,
Q3932752,Renato Piccoli,Renato Piccoli,이탈리아,Q2693,
Q3933050,Renzo Ragonesi,Renzo Ragonesi,이탈리아,Q2693,
Q3933077,Renzo Uzzecchini,Renzo Uzzecchini,이탈리아,Q2693,
Q3935795,Riki Di Bin,Riki Di Bin,이탈리아,Q2693,
Q3936088,Rino Gandini,Rino Gandini,이탈리아,Q2693,
Q3938771,Roberto Di Nicola,Roberto Di Nicola,이탈리아,Q2693,
Q3938780,Roberto Dore,Roberto Dore,이탈리아,Q2693,
Q3938838,Roberto Gasparroni,Roberto Gasparroni,이탈리아,Q2693,
Q3938917,Roberto Magnani,Roberto Magnani,이탈리아,Q2693,
Q3938929,Roberto Maltagliati,Roberto Maltagliati,이탈리아,Q2693,
Q3939022,Roberto Paci,Roberto Paci,이탈리아,Q2693,
Q3939038,Roberto Parlanti,Roberto Parlanti,이탈리아,Q2693,
Q3939572,Rocco De Marco,Rocco De Marco,이탈리아,Q2693,
Q3940556,Bruno Leonardo Vicente,Bruno Leonardo Vicente,브라질,Q2693,Bruno Vicente
Q3940659,Romano Donzelli,Romano Donzelli,이탈리아,Q2693,
Q3941032,Ronaldo Vanin,Ronaldo Vanin,브라질,Q2693,
Q3941383,Rosario Rivellino,Rosario Rivellino,이탈리아,Q2693,
Q3942359,Rufo Emiliano Verga,Rufo Emiliano Verga,이탈리아,Q2693,
Q3946132,Salvatore Matrecano,Salvatore Matrecano,이탈리아,Q2693,
Q3956220,Sergio Persia,Sergio Persia,이탈리아,Q2693,Persia II
Q3956220,Sergio Persia,Sergio Persia,이탈리아 왕국,Q2693,Persia II
Q3956241,Sergio Rampini,Sergio Rampini,이탈리아,Q2693,
Q3956241,Sergio Rampini,Sergio Rampini,이탈리아 왕국,Q2693,
Q3956325,Sergio Verderi,Sergio Verderi,이탈리아,Q2693,
Q3956325,Sergio Verderi,Sergio Verderi,이탈리아 왕국,Q2693,
Q3960664,Silvano Pravisano,Silvano Pravisano,이탈리아,Q2693,
Q3960678,Silvano Vincenzi,Silvano Vincenzi,이탈리아,Q2693,
Q3960951,Silvio Smersy,Silvio Smersy,이탈리아,Q2693,Silvio Smersú
Q3960951,Silvio Smersy,Silvio Smersy,이탈리아 왕국,Q2693,Silvio Smersú
Q3961237,Simone Iacoponi,Simone Iacoponi,이탈리아,Q2693,
Q3972448,Stefano Cuoghi,Stefano Cuoghi,이탈리아,Q2693,
Q3972497,Stefano Ferrario,Stefano Ferrario,이탈리아,Q2693,
Q3972540,Stefano Impallomeni,Stefano Impallomeni,이탈리아,Q2693,
Q3972582,Stefano Mariani,Stefano Mariani,이탈리아,Q2693,
Q3972712,Stefano Salvatori,Stefano Salvatori,이탈리아,Q2693,
Q3972844,Stelio Darin,Stelio Darin,이탈리아,Q2693,
Q3972844,Stelio Darin,Stelio Darin,이탈리아 왕국,Q2693,
Q3992674,Tomislav Šarić,Tomislav Šarić,크로아티아,Q2693,
Q3993135,Tonino Sorrentino,Tonino Sorrentino,이탈리아,Q2693,
Q4007826,Valeriano Fiorin,Valeriano Fiorin,이탈리아,Q2693,
Q4007873,Valerio Di Cesare,Valerio Di Cesare,이탈리아,Q2693,
Q4009789,Venuto Lombatti,Venuto Lombatti,이탈리아,Q2693,
Q4009789,Venuto Lombatti,Venuto Lombatti,이탈리아 왕국,Q2693,
Q4013248,Vincenzo Esposito,Vincenzo Esposito,이탈리아,Q2693,
Q4013457,Vincenzo Pepe,Vincenzo Pepe,이탈리아,Q2693,
Q4014534,Virginio Guidazzi,Virginio Guidazzi,이탈리아,Q2693,
Q4014534,Virginio Guidazzi,Virginio Guidazzi,이탈리아 왕국,Q2693,
Q4015069,Vito Falconieri,Vito Falconieri,이탈리아,Q2693,
Q4015445,Vittorio Mero,Vittorio Mero,이탈리아,Q2693,
Q4015583,Vittorio Zanetti,Vittorio Zanetti,이탈리아,Q2693,
Q4015583,Vittorio Zanetti,Vittorio Zanetti,이탈리아 왕국,Q2693,
Q4016748,Victor José Pozzo,Victor José Pozzo,아르헨티나,Q2693,"Victor Jose Pozzo, Víctor Pozzo"
Q4017906,Walter Dondoni,Walter Dondoni,이탈리아,Q2693,
Q4018009,Walter Sabatini,Walter Sabatini,이탈리아,Q2693,
Q402320,스와보미르 페슈코,스와보미르 페슈코,폴란드,Q2693,"스아보미르 페시코, 스와보미르 페시코"
Q4024844,Zouhair Feddal,Zouhair Feddal,모로코,Q2693,
Q4024844,Zouhair Feddal,Zouhair Feddal,스페인,Q2693,
Q405636,Aimo Diana,Aimo Diana,이탈리아,Q2693,Aimo Stefano Diana
Q41884645,Giedrius Matulevičius,Giedrius Matulevičius,리투아니아,Q2693,
Q42319683,마르틴 에를리치,마르틴 에를리치,크로아티아,Q2693,
Q42320115,Jérémie Broh,Jérémie Broh,이탈리아,Q2693,
Q42530658,Giulio Mulas,Giulio Mulas,이탈리아,Q2693,
Q42561348,Michele Messina,Michele Messina,이탈리아,Q2693,
Q42809566,Mirko Esposito,Mirko Esposito,이탈리아,Q2693,
Q42860913,Luca Ravanelli,Luca Ravanelli,이탈리아,Q2693,
Q43379413,Giacomo Ricci,Giacomo Ricci,이탈리아,Q2693,
Q43381023,Lorenzo Simonetti,Lorenzo Simonetti,정보 없음,Q2693,
Q43399050,Giovanni Pinto,Giovanni Pinto,이탈리아,Q2693,
Q43570782,Antonio Junior Vacca,Antonio Junior Vacca,이탈리아,Q2693,Antonio Vacca
Q438235,루카 안토넬리,루카 안토넬리,이탈리아,Q2693,
Q43886448,파스콸레 마초키,파스콸레 마초키,이탈리아,Q2693,
Q440031,루카 치가리니,루카 치가리니,이탈리아,Q2693,
Q44071010,Michele Nardi,Michele Nardi,이탈리아,Q2693,
Q440935,마르코 발로타,마르코 발로타,이탈리아,Q2693,
Q4412023,Jefferson Severino,Jefferson Severino,브라질,Q2693,Severino Jefferson
Q445976,마누엘레 블라시,마누엘레 블라시,이탈리아,Q2693,
Q44663,로드니 스트레서,로드니 스트레서,시에라리온,Q2693,
Q446994,비탈리 쿠투조프,비탈리 쿠투조프,벨라루스,Q2693,Vital' Kutuzaŭ
Q44788,마테오 다르미안,마테오 다르미안,이탈리아,Q2693,
Q457302,니콜라 산소네,니콜라 산소네,이탈리아,Q2693,Nicola Domenico Sansone
Q459728,Alessandro Rosina,Alessandro Rosina,이탈리아,Q2693,
Q460603,아메데오 카르보니,아메데오 카르보니,이탈리아,Q2693,
Q461305,니콜라 베르티,니콜라 베르티,이탈리아,Q2693,
Q466343,우고 우카,우고 우카,나이지리아,Q2693,우고추쿠 우카
Q4665141,Abdou Doumbia,Abdou Doumbia,말리,Q2693,
Q4665141,Abdou Doumbia,Abdou Doumbia,프랑스,Q2693,
Q4666562,Abel Gigli,Abel Gigli,소말리아,Q2693,Abel Gigli Mohamed
Q4666562,Abel Gigli,Abel Gigli,이탈리아,Q2693,Abel Gigli Mohamed
Q468656,파비우 심플리시오,파비우 심플리시오,브라질,Q2693,"Fabio Enrique Simplicio, Fábio Henrique Simplício, Fabio Simplicio"
Q4712038,Alberto Gallinetta,Alberto Gallinetta,이탈리아,Q2693,
Q4712039,Alberto Galuppo,Alberto Galuppo,이탈리아,Q2693,
Q4713875,Aldo Curti,Aldo Curti,이탈리아,Q2693,
Q4716299,Alessandro Berselli,Alessandro Berselli,이탈리아,Q2693,
Q4716335,알레산드로 데 비티스,알레산드로 데 비티스,이탈리아,Q2693,
Q4716344,Alessandro Elia,Alessandro Elia,이탈리아,Q2693,
Q4716347,Alessandro Favalli,Alessandro Favalli,이탈리아,Q2693,
Q4716359,Alessandro Iacobucci,Alessandro Iacobucci,이탈리아,Q2693,
Q4716360,Alessandro Ligi,Alessandro Ligi,이탈리아,Q2693,
Q471641,베르나르도 코라디,베르나르도 코라디,이탈리아,Q2693,
Q4740074,Amara Konaté,Amara Konaté,코트디부아르,Q2693,Amara Konate
Q47494098,Jorge Leonardo Toco,Jorge Leonardo Toco,볼리비아,Q2693,
Q4755081,Andrea Ferretti,Andrea Ferretti,이탈리아,Q2693,
Q4755093,Andrea Gasparri,Andrea Gasparri,이탈리아,Q2693,
Q4755260,Andrea Rossini,Andrea Rossini,이탈리아,Q2693,
Q4755316,Andrea Vignali,Andrea Vignali,이탈리아,Q2693,
Q4762837,Angelo Bencivenga,Angelo Bencivenga,이탈리아,Q2693,
Q4844455,에마누엘레 파델라,에마누엘레 파델라,이탈리아,Q2693,
Q485019,이아니스 지쿠,이아니스 지쿠,루마니아,Q2693,Ianis Alin Zicu
Q493939,Andrea Gasbarroni,Andrea Gasbarroni,이탈리아,Q2693,
Q494954,Andrea Rossi,Andrea Rossi,이탈리아,Q2693,
Q498837,Giuseppe Cardone,Giuseppe Cardone,이탈리아,Q2693,
Q5026700,Camillo Ciano,Camillo Ciano,이탈리아,Q2693,
Q5043684,Carmine Biagio Gatti,Carmine Biagio Gatti,이탈리아,Q2693,
Q505376,다비데 폰톨란,다비데 폰톨란,이탈리아,Q2693,
Q506696,브라이트 아다에,브라이트 아다에,가나,Q2693,"Bright Addai, Bright Christopher Addae, Bright Christopher Addai"
Q507815,알레산드루 지 소자,알레산드루 지 소자,브라질,Q2693,"Alex, Alexsandro de Souza"
Q509292,다니엘레 갈로파,다니엘레 갈로파,이탈리아,Q2693,
Q510596,에세키엘 스첼로토,에세키엘 스첼로토,아르헨티나,Q2693,"Ezequiel Matias Schelotto, Ezequiel Matías Schelotto"
Q510596,에세키엘 스첼로토,에세키엘 스첼로토,이탈리아,Q2693,"Ezequiel Matias Schelotto, Ezequiel Matías Schelotto"
Q51078290,Leonardo Nunzella,Leonardo Nunzella,이탈리아,Q2693,
Q513648,Jonathan Moreira,Jonathan Moreira,브라질,Q2693,Jonathan Cícero Moreira
Q514037,파우스토 파리,파우스토 파리,이탈리아,Q2693,
Q516460,루카 부치,루카 부치,이탈리아,Q2693,
Q5173935,Cosimo Chiricò,Cosimo Chiricò,이탈리아,Q2693,Cosimo Chirico
Q5186192,크리스티안 갈라노,크리스티안 갈라노,이탈리아,Q2693,Christian Galano
Q5186217,Cristian Longobardi,Cristian Longobardi,이탈리아,Q2693,
Q519499,Armando Perna,Armando Perna,이탈리아,Q2693,
Q520695,도를란 파본,도를란 파본,콜롬비아,Q2693,
Q5216809,Daniel Ciofani,Daniel Ciofani,이탈리아,Q2693,
Q5219260,Daniele Bazzoffia,Daniele Bazzoffia,이탈리아,Q2693,
Q5219262,Daniele Casiraghi,Daniele Casiraghi,이탈리아,Q2693,
Q523685,루이지 아폴로니,루이지 아폴로니,이탈리아,Q2693,
Q5241534,Davide Adorni,Davide Adorni,이탈리아,Q2693,
Q5241550,Davide Colomba,Davide Colomba,이탈리아,Q2693,
Q5241558,Davide Favaro,Davide Favaro,이탈리아,Q2693,
Q5274735,Diego Manzoni,Diego Manzoni,이탈리아,Q2693,
Q5274746,Diego Mella,Diego Mella,이탈리아,Q2693,
Q528696,마시모 고비,마시모 고비,이탈리아,Q2693,
Q5290083,Domenico Citro,Domenico Citro,이탈리아,Q2693,
Q529244,Julio César de León,Julio César de León,온두라스,Q2693,"Julio Cesar de Leon, Rambo de Leon, Rambo de León el más osicon"
Q530759,안토니오 베나리보,안토니오 베나리보,이탈리아,Q2693,
Q533669,하이메 발데스,하이메 발데스,칠레,Q2693,"Jaime Andrés Valdés Zapata, Jaime Valdes"
Q533727,마시모 도나티,마시모 도나티,이탈리아,Q2693,
Q5340162,Edoardo Pacini,Edoardo Pacini,이탈리아,Q2693,
Q535050,브라티슬라우 그레슈코,브라티슬라우 그레슈코,슬로바키아,Q2693,Vratislav Gresko
Q537032,에밀리오 마세아첸,에밀리오 마세아첸,우루과이,Q2693,"Varilla, “Manguera Loca”, Washington Emilio MacEachen Vasquez, Washington Emilio MacEachen Vásquez"
Q541872,알레안드로 로시,알레안드로 로시,이탈리아,Q2693,
Q5427833,Fabio Lebran,Fabio Lebran,이탈리아,Q2693,
Q5427874,Fabio Virgili,Fabio Virgili,이탈리아,Q2693,
Q542953,Andrea Pisanu,Andrea Pisanu,이탈리아,Q2693,
Q544095,Marco Macina,Marco Macina,산마리노,Q2693,
Q5448487,필리프 얀코비치,필리프 얀코비치,세르비아,Q2693,Filip Jankovic
Q5479294,Francesco Checcucci,Francesco Checcucci,이탈리아,Q2693,
Q5479358,Francesco Finocchio,Francesco Finocchio,이탈리아,Q2693,
Q5479491,Francesco Pambianchi,Francesco Pambianchi,이탈리아,Q2693,
Q5482113,Francis Ouma,Francis Ouma,케냐,Q2693,
Q5516017,Gabriele Puccio,Gabriele Puccio,이탈리아,Q2693,
Q5526896,Gastón Brugman,Gastón Brugman,우루과이,Q2693,Gaston Brugman
Q552965,로베르토 무시,로베르토 무시,이탈리아,Q2693,
Q553175,로렌초 미노티,로렌초 미노티,이탈리아,Q2693,
Q5557871,Giacomo Chiazzolino,Giacomo Chiazzolino,이탈리아,Q2693,
Q5558136,Gianluca De Angelis,Gianluca De Angelis,이탈리아,Q2693,
Q5558146,잔루카 라파둘라,잔루카 라파둘라,이탈리아,Q2693,Gianluca Lapadula Vargas
Q5558146,잔루카 라파둘라,잔루카 라파둘라,페루,Q2693,Gianluca Lapadula Vargas
Q5558173,Gianmarco Ferrari,Gianmarco Ferrari,이탈리아,Q2693,Gian Marco Ferrari
Q5558190,Gianni Fabiano,Gianni Fabiano,이탈리아,Q2693,
Q5563685,Giovanni Arioli,Giovanni Arioli,이탈리아,Q2693,
Q5565362,Giuseppe Caccavallo,Giuseppe Caccavallo,이탈리아,Q2693,
Q5565490,Giuseppe Pacini,Giuseppe Pacini,이탈리아,Q2693,
Q5565499,Giuseppe Perrino,Giuseppe Perrino,이탈리아,Q2693,
Q5565509,Giuseppe Prestia,Giuseppe Prestia,이탈리아,Q2693,
Q55820235,발렌틴 미허일러,발렌틴 미허일러,루마니아,Q2693,Mihai Valentin Mihăilă
Q5612770,Grégoire Defrel,Grégoire Defrel,프랑스,Q2693,"Grégoire André Defrel, Gregoire Defrel"
Q562195,다니엘레 데세나,다니엘레 데세나,이탈리아,Q2693,
Q56292653,Giuseppe Carriero,Giuseppe Carriero,이탈리아,Q2693,Giuseppe Mattia Carriero
Q567742,Franco Carrera,Franco Carrera,이탈리아,Q2693,
Q57017515,Francesco Galuppini,Francesco Galuppini,이탈리아,Q2693,
Q57242455,Lorenzo Saporetti,Lorenzo Saporetti,이탈리아,Q2693,
Q579286,Alberto Michelotti,Alberto Michelotti,이탈리아,Q2693,
Q58008120,Sebastiano Longo,Sebastiano Longo,이탈리아,Q2693,
Q58008171,Emmanuele Matino,Emmanuele Matino,이탈리아,Q2693,
Q58008480,Andrea Dini,Andrea Dini,이탈리아,Q2693,
Q58008489,Stefano Scognamillo,Stefano Scognamillo,이탈리아,Q2693,
Q58008582,Francesco Golfo,Francesco Golfo,이탈리아,Q2693,Francesco Matteo Golfo
Q58447210,Gabriel Brazão,Gabriel Brazão,브라질,Q2693,Gabriel Nascimento Resende Brazão
Q585058,롤프 펠처,롤프 펠처,베네수엘라,Q2693,Rolf Günther Feltscher Martínez
Q585058,롤프 펠처,롤프 펠처,스위스,Q2693,Rolf Günther Feltscher Martínez
Q58756956,Adrian Benedyczak,Adrian Benedyczak,폴란드,Q2693,Adrian Dawid Benedyczak
Q587731,조반니 파스콸레,조반니 파스콸레,이탈리아,Q2693,
Q590307,Romano Voltolina,Romano Voltolina,이탈리아,Q2693,
Q5924568,Jacopo Dezi,Jacopo Dezi,이탈리아,Q2693,
Q5930915,Jherson Vergara,Jherson Vergara,콜롬비아,Q2693,
Q5964151,Hélder Lopes,Hélder Lopes,포르투갈,Q2693,"Helder Filipe Oliveira Lopes, Hélder Filipe Oliveira Lopes, Helder Lopes"
Q59914139,데얀 쿨루셰프스키,데얀 쿨루셰프스키,북마케도니아,Q2693,
Q59914139,데얀 쿨루셰프스키,데얀 쿨루셰프스키,스웨덴,Q2693,
Q599248,Francesco Turrini,Francesco Turrini,이탈리아,Q2693,
Q601797,안토니노 바릴라,안토니노 바릴라,이탈리아,Q2693,"Antonino Barilla, Antonio Barillà"
Q601962,Antonio Filippini,Antonio Filippini,이탈리아,Q2693,
Q60218180,Nicola Taiano,Nicola Taiano,이탈리아,Q2693,Nicola Tajano
Q602873,조르주 그륀,조르주 그륀,벨기에,Q2693,Georges Serge Grün
Q603681,안토니오 미란테,안토니오 미란테,이탈리아,Q2693,
Q606255,레날 페드로스,레날 페드로스,프랑스,Q2693,Reynald Michel Sebastian Pedros
Q60842119,Emerson Espinoza,Emerson Espinoza,에콰도르,Q2693,Emerson Leao Espinoza Tenorio
Q6096029,Ivan Cacchioli,Ivan Cacchioli,이탈리아,Q2693,
Q610850,니콜라 파바리니,니콜라 파바리니,이탈리아,Q2693,
Q610855,펠리피 다우 벨루,펠리피 다우 벨루,브라질,Q2693,"Felipe da Silva Dalbelo Dias, Felipe Dias da Silva dal Belo"
Q611116,Lorenzo Crisetig,Lorenzo Crisetig,이탈리아,Q2693,
Q611603,알레산드로 루카렐리,알레산드로 루카렐리,이탈리아,Q2693,
Q612823,페르디낭 콜리,페르디낭 콜리,세네갈,Q2693,페르디낭 알렉상드르 콜리
Q612823,페르디낭 콜리,페르디낭 콜리,프랑스,Q2693,페르디낭 알렉상드르 콜리
Q61578,Fabio Lauria,Fabio Lauria,이탈리아,Q2693,
Q61869792,Riccardo Bertozzi,Riccardo Bertozzi,이탈리아,Q2693,
Q6191154,Jhonny Vidales,Jhonny Vidales,페루,Q2693,
Q62198,아마우리 카르발류 지 올리베이라,아마우리 카르발류 지 올리베이라,브라질,Q2693,Amauri Carvalho de Oliveira
Q62198,아마우리 카르발류 지 올리베이라,아마우리 카르발류 지 올리베이라,이탈리아,Q2693,Amauri Carvalho de Oliveira
Q62244,Nicola Amoruso,Nicola Amoruso,이탈리아,Q2693,Amoruso I
Q634082,미켈레 카니니,미켈레 카니니,이탈리아,Q2693,
Q639630,Walter Bianchi,Walter Bianchi,이탈리아,Q2693,
Q646043,Massimo Crippa,Massimo Crippa,이탈리아,Q2693,
Q648623,Ulises Uslenghi,Ulises Uslenghi,우루과이,Q2693,Ulises Uslenghi
Q648623,Ulises Uslenghi,Ulises Uslenghi,이탈리아,Q2693,Ulises Uslenghi
Q6505869,Lazaros Fotias,Lazaros Fotias,그리스,Q2693,
Q6509577,Leandro Antonio Martínez,Leandro Antonio Martínez,이탈리아,Q2693,"Leandro Martínez, Leandro Martinez, Leandro Antonio Martinez"
Q65675442,조슈아 지르크제이,조슈아 지르크제이,네덜란드 왕국,Q2693,Joshua Orobosa Zirkzee
Q656961,이반 프란체스키니,이반 프란체스키니,이탈리아,Q2693,
Q659824,알레산드로 포텐차,알레산드로 포텐차,이탈리아,Q2693,
Q6695847,Luca Berardocco,Luca Berardocco,이탈리아,Q2693,
Q6695870,Luca Ceppitelli,Luca Ceppitelli,이탈리아,Q2693,
Q6695897,Luca Ferretti,Luca Ferretti,이탈리아,Q2693,
Q6700103,Luigi Palumbo,Luigi Palumbo,이탈리아,Q2693,
Q6700137,Luigi Sepe,Luigi Sepe,이탈리아,Q2693,
Q670232,Francesco Montervino,Francesco Montervino,이탈리아,Q2693,
Q670941,알렉산다르 프리요비치,알렉산다르 프리요비치,세르비아,Q2693,
Q670941,알렉산다르 프리요비치,알렉산다르 프리요비치,스위스,Q2693,
Q671679,Enrico Morello,Enrico Morello,이탈리아,Q2693,
Q672264,안드레아 코스타,안드레아 코스타,이탈리아,Q2693,
Q673237,필리프 올리베이라,필리프 올리베이라,포르투갈,Q2693,필리프 빌라사 올리베이라
Q6735651,Maikol Benassi,Maikol Benassi,이탈리아,Q2693,
Q6752770,Manuel Nocciolini,Manuel Nocciolini,이탈리아,Q2693,
Q6757541,Marco Firenze,Marco Firenze,이탈리아,Q2693,
Q6764914,Mario Rebecchi,Mario Rebecchi,이탈리아,Q2693,
Q6773422,Marshal Johnson,Marshal Johnson,나이지리아,Q2693,Marshal Mfon Johnson
Q677852,조나탄 로시니,조나탄 로시니,스위스,Q2693,
Q6784727,Massimo Coda,Massimo Coda,이탈리아,Q2693,
Q6789691,Matteo Pisseri,Matteo Pisseri,이탈리아,Q2693,
Q6791732,Mattia Cherubini,Mattia Cherubini,이탈리아,Q2693,
Q6791735,Mattia Ferrato,Mattia Ferrato,이탈리아,Q2693,
Q6791749,Mattia Pin,Mattia Pin,이탈리아,Q2693,
Q6791754,Mattia Sprocati,Mattia Sprocati,이탈리아,Q2693,
Q6793884,Mauro Cioffi,Mauro Cioffi,이탈리아,Q2693,
Q68060,잔루이지 부폰,잔루이지 부폰,이탈리아,Q2693,"Buffon, Gigi Buffon"
Q680717,Gianluca Triuzzi,Gianluca Triuzzi,이탈리아,Q2693,
Q68104681,Vasilios Zagaritis,Vasilios Zagaritis,그리스,Q2693,
Q682794,Dragan Mihajlović,Dragan Mihajlović,세르비아,Q2693,
Q682794,Dragan Mihajlović,Dragan Mihajlović,스위스,Q2693,
Q6873733,Mirko Stefani,Mirko Stefani,이탈리아,Q2693,
Q6891126,Mohamed Coly,Mohamed Coly,세네갈,Q2693,"Abdourammane Mohamed Coly, Mohamed Abdourammane Coly"
Q6891544,Mohamed Traoré,Mohamed Traoré,기니,Q2693,"Mohamed Traore, Mohamed Lamine Traoré"
Q6915208,모리 코네,모리 코네,코트디부아르,Q2693,Mory Kone
Q6915208,모리 코네,모리 코네,프랑스,Q2693,Mory Kone
Q69580745,왈리드 셰디라,왈리드 셰디라,모로코,Q2693,
Q6990966,Nemanja Čović,Nemanja Čović,세르비아,Q2693,
Q6999513,Roberto Stillo,Roberto Stillo,캐나다,Q2693,"Robert Bruno Stillo, Robert Stillo, Roberto Bruno Stillo"
Q6999664,Walter Negroni,Walter Negroni,이탈리아,Q2693,
Q6999664,Walter Negroni,Walter Negroni,이탈리아 왕국,Q2693,
Q6999669,Mario Arbizzani,Mario Arbizzani,이탈리아,Q2693,
Q6999677,Saulle Franzini,Saulle Franzini,이탈리아,Q2693,
Q6999677,Saulle Franzini,Saulle Franzini,이탈리아 왕국,Q2693,
Q6999933,Antonio Quaglietti,Antonio Quaglietti,이탈리아,Q2693,
Q7000376,Tito Mistrali,Tito Mistrali,이탈리아,Q2693,
Q7000376,Tito Mistrali,Tito Mistrali,이탈리아 왕국,Q2693,
Q7000428,Arnaldo Vighi,Arnaldo Vighi,이탈리아,Q2693,
Q7000428,Arnaldo Vighi,Arnaldo Vighi,이탈리아 왕국,Q2693,
Q7000805,Giordano Bellei,Giordano Bellei,이탈리아,Q2693,
Q7001468,Luciano Paganini,Luciano Paganini,이탈리아,Q2693,
Q7024591,Niccolò Galli,Niccolò Galli,이탈리아,Q2693,Niccolo Galli
Q7028988,Nicola Cosentini,Nicola Cosentini,이탈리아,Q2693,
Q7029003,Nicola Del Pivo,Nicola Del Pivo,이탈리아,Q2693,
Q7029107,Nicola Russo,Nicola Russo,이탈리아,Q2693,
Q703407,파비아노 산타크로체,파비아노 산타크로체,브라질,Q2693,Wellington Fabiano Santacroce
Q703407,파비아노 산타크로체,파비아노 산타크로체,이탈리아,Q2693,Wellington Fabiano Santacroce
Q703956,마우리치오 간츠,마우리치오 간츠,이탈리아,Q2693,
Q705929,Sergei Gurenko,Sergei Gurenko,벨라루스,Q2693,"Sergey Gurenko, Gurenko, Sergej Gurenko, Sergey Vitalyevich Gurenko, Siarhiej Hurenka, Syarhey Hurenka, Syarhey Vitalyevich Hurenka"
Q705929,Sergei Gurenko,Sergei Gurenko,소련,Q2693,"Sergey Gurenko, Gurenko, Sergej Gurenko, Sergey Vitalyevich Gurenko, Siarhiej Hurenka, Syarhey Hurenka, Syarhey Vitalyevich Hurenka"
Q7132146,Paolo Beatrizzotti,Paolo Beatrizzotti,이탈리아,Q2693,
Q7132195,Paolo Ginestra,Paolo Ginestra,이탈리아,Q2693,
Q713354,Francesco Baiano,Francesco Baiano,이탈리아,Q2693,
Q718471,다니엘 브라보,다니엘 브라보,프랑스,Q2693,
Q7192926,Pietro Baccolo,Pietro Baccolo,이탈리아,Q2693,
Q7192996,Pietro Lorenzini,Pietro Lorenzini,이탈리아,Q2693,
Q7193045,Pietro Tripoli,Pietro Tripoli,이탈리아,Q2693,
Q720606,Evanílson Aparecido Ferreira,Evanílson Aparecido Ferreira,브라질,Q2693,Evanilson Aparecido Ferreira
Q721619,마테오 콘티니,마테오 콘티니,이탈리아,Q2693,
Q722512,마시모 마카로네,마시모 마카로네,이탈리아,Q2693,
Q722632,David Balleri,David Balleri,이탈리아,Q2693,
Q722994,Emanuele Filippini,Emanuele Filippini,이탈리아,Q2693,
Q724020,Damiano Zenoni,Damiano Zenoni,이탈리아,Q2693,
Q724033,스테파노 모로네,스테파노 모로네,이탈리아,Q2693,
Q728719,Lorenzo Carotti,Lorenzo Carotti,이탈리아,Q2693,
Q7288868,Raman Chibsah,Raman Chibsah,가나,Q2693,
Q7288868,Raman Chibsah,Raman Chibsah,이탈리아,Q2693,
Q7322898,Riccardo Capogna,Riccardo Capogna,이탈리아,Q2693,
Q7322901,Riccardo Casini,Riccardo Casini,이탈리아,Q2693,
Q7322921,Riccardo Musetti,Riccardo Musetti,이탈리아,Q2693,
Q7350491,Robert Trznadel,Robert Trznadel,폴란드,Q2693,
Q7351796,Roberto Massaro,Roberto Massaro,이탈리아,Q2693,
Q736053,에마누엘레 칼라이오,에마누엘레 칼라이오,이탈리아,Q2693,
Q7406644,Salvatore Del Sole,Salvatore Del Sole,이탈리아,Q2693,
Q7406688,Salvatore Sandomenico,Salvatore Sandomenico,이탈리아,Q2693,
Q742369,Giulio Falcone,Giulio Falcone,이탈리아,Q2693,
Q742711,Davide Zoboli,Davide Zoboli,이탈리아,Q2693,
Q7442580,Sebastiano Girelli,Sebastiano Girelli,이탈리아,Q2693,
Q7520288,Simone Colombi,Simone Colombi,이탈리아,Q2693,
Q7520356,Simone Malatesta,Simone Malatesta,이탈리아,Q2693,
Q7558597,Solomon Enow,Solomon Enow,카메룬,Q2693,
Q7606419,Stefano Crisci,Stefano Crisci,이탈리아,Q2693,
Q7606434,Stefano Fortunato,Stefano Fortunato,이탈리아,Q2693,
Q7606489,Stefano Russo,Stefano Russo,이탈리아,Q2693,
Q7635968,Sulaiman Sesay Fullah,Sulaiman Sesay Fullah,시에라리온,Q2693,Sulaiman Sesay-Fullah
Q766289,다닐루 페레이라,다닐루 페레이라,포르투갈,Q2693,
Q7664052,Szabolcs Üveges,Szabolcs Üveges,헝가리,Q2693,
Q778104,Marco Branca,Marco Branca,이탈리아,Q2693,
Q7789485,Thomas Fabbri,Thomas Fabbri,이탈리아,Q2693,
Q7794082,Thomas Som,Thomas Som,카메룬,Q2693,Thomas Fabrice Som
Q7932234,Vincenzo Giannusa,Vincenzo Giannusa,이탈리아,Q2693,
Q7932973,Vinícius Dall'Agnol,Vinícius Dall'Agnol,브라질,Q2693,
Q8074842,Zsolt Tamási,Zsolt Tamási,헝가리,Q2693,Zsolt Tamasi
Q833868,Géza Boldizsár,Géza Boldizsár,헝가리,Q2693,Geza Boldizsar
Q84229453,Muhamed Tehe Olawale,Muhamed Tehe Olawale,코트디부아르,Q2693,Muhamed Olawale
Q861549,로베르토 인시녜,로베르토 인시녜,이탈리아,Q2693,
Q869006,Massimo Agostini,Massimo Agostini,이탈리아,Q2693,
Q869190,Mauro Agretti,Mauro Agretti,이탈리아,Q2693,
Q869263,Aldo Aimi,Aldo Aimi,이탈리아,Q2693,
Q869263,Aldo Aimi,Aldo Aimi,이탈리아 왕국,Q2693,
Q870011,Fabio Albinelli,Fabio Albinelli,이탈리아,Q2693,
Q870318,Bruno Alfier,Bruno Alfier,이탈리아,Q2693,
Q892163,크리스토발 호르케라,크리스토발 호르케라,칠레,Q2693,Cristobal Jorquera
Q913537,Walter Allievi,Walter Allievi,이탈리아,Q2693,
Q916088,세르조 플로카리,세르조 플로카리,이탈리아,Q2693,
Q923088,스테파노 피올리,스테파노 피올리,이탈리아,Q2693,
Q930435,Gesualdo Piacenti,Gesualdo Piacenti,이탈리아,Q2693,
Q932418,Luigi Scaglia,Luigi Scaglia,이탈리아,Q2693,Luigi Alberto Scaglia
Q933994,니콜라 포치,니콜라 포치,이탈리아,Q2693,
Q9354,잔프랑코 졸라,잔프랑코 졸라,이탈리아,Q2693,
Q942576,Nicolás Córdova,Nicolás Córdova,칠레,Q2693,"Nicolas Cordova, Nicolás Andrés Córdova"
Q945134,클라우디오 우사인,클라우디오 우사인,아르헨티나,Q2693,"Claudio Husain, RAEF"
Q949938,마르코 파롤로,마르코 파롤로,이탈리아,Q2693,
Q953439,Michele Serena,Michele Serena,이탈리아,Q2693,
Q972716,Marcus Diniz,Marcus Diniz,브라질,Q2693,Marcus Plínio Diniz Paixão
Q975390,이사크 벨포딜,이사크 벨포딜,알제리,Q2693,Ishak Lazreg Cherif Belfodil
Q975390,이사크 벨포딜,이사크 벨포딜,프랑스,Q2693,Ishak Lazreg Cherif Belfodil
Q976301,디에고 푸세르,디에고 푸세르,이탈리아,Q2693,
Q981289,Roberto Andreoli,Roberto Andreoli,이탈리아,Q2693,
Q981355,파트리크 음보마,파트리크 음보마,카메룬,Q2693,
Q981355,파트리크 음보마,파트리크 음보마,프랑스,Q2693,
Q981508,Giuliano Andreuzza,Giuliano Andreuzza,이탈리아,Q2693,
Q986460,Bruno Armanini,Bruno Armanini,이탈리아,Q2693,
Q986638,Tiziano Ascagni,Tiziano Ascagni,이탈리아,Q2693,
Q986650,Fabio Aselli,Fabio Aselli,이탈리아,Q2693,
Q987123,Carlo Azzali,Carlo Azzali,이탈리아,Q2693,Azzali I
Q987123,Carlo Azzali,Carlo Azzali,이탈리아 왕국,Q2693,Azzali I
Q987159,Claudio Azzali,Claudio Azzali,이탈리아,Q2693,Azzali II
Q987930,Jonathan Bachini,Jonathan Bachini,이탈리아,Q2693,
Q988161,Alessio Badari,Alessio Badari,이탈리아,Q2693,
Q988635,Pietro Baisi,Pietro Baisi,이탈리아,Q2693,
Q988683,Ubaldo Balbi,Ubaldo Balbi,이탈리아,Q2693,
Q989068,Antonio Baldoni,Antonio Baldoni,이탈리아,Q2693,
Q99243784,제이든 오스터펠더,제이든 오스터펠더,네덜란드 왕국,Q2693,Jayden Quinn Oosterwolde
Q993604,Bruno Mora,Bruno Mora,이탈리아,Q2693,
Q993604,Bruno Mora,Bruno Mora,이탈리아 왕국,Q2693,
Q99519622,벌로그 보톤드,벌로그 보톤드,헝가리,Q2693,
